variable,label
wrkstat,Labor force status
hrs1,Number of hours worked last week
hrs2,Number of hours usually work a week
evwork,Ever work as long as one year
occ,R's census occupation code (1970)
prestige,R's occupational prestige score(1970)
wrkslf,R self-emp or works for somebody
wrkgovt,Govt or private employee
commute,Travel time to work
industry,R's industry code (1970)
occ80,R's census occupation code (1980)
prestg80,R's occupational prestige score(1980)
indus80,R's industry code (1980)
indus07,Industry code based on NAICS 2007
occonet,Occupation code based on O*Net
found,Case was retrievable in 2012
occ10,R's census occupation code (2010)
occindv,R's occ/ind verbatim retrieved
occstatus,OCC10 coding status
occtag,OCC10 coding tag
prestg10,R's occupational prestige score (2010)
prestg105plus,R's occupational prestige score using threshold method (2010)
indus10,R's industry code (NAICS 2007)
indstatus,INDUS10 coding status
indtag,INDUS10 coding tag
marital,Marital status
martype,Marital type
agewed,Age when first married
divorce,Ever been divorced or separated
widowed,Ever been widowed
spwrksta,Spouse labor force status
sphrs1,Number of hrs spouse worked last week
sphrs2,No. of hrs spouse usually works a week
spevwork,Spouse ever work as long as a year
cowrksta,Partner's labor force status
cowrkslf,Partner self-emp. or works for somebody else
coevwork,Partner ever work as long as a year
cohrs1,Number of hours partner worked last week
cohrs2,No. of hours partner usually works a week
spocc,Spouse census occupation code (1970)
sppres,Spouse's occupational prestige score (1970)
spwrkslf,Spouse self-emp. or works for somebody
spind,Spouse's industry code (1970)
spocc80,Spouse census occupation code (1980)
sppres80,Spouse's occupational prestige score (1980)
spind80,Spouse's industry code (1980)
spocc10,Spouse census occupation code (2010)
spoccindv,Spouse's occ/ind verbatim retrieved
spoccstatus,SPOCC10 coding status
spocctag,SPOCC10 coding tag
sppres10,Spouse occupational prestige score (2010)
sppres105plus,Spouse occupational prestige score using threshold method (2010)
spind10,Spouse's industry code (NAICS 2007)
spindstatus,SPIND10 coding status
spindtag,SPIND10 coding tag
coocc10,Partner's census occupation code (2010)
coind10,Partner's industry code (2010)
paocc16,Father's census occupation code (1970)
papres16,Father's occupational prestige score (1970)
pawrkslf,Father (or oldest same-sex parent) self-emp. or worked for somebody
paind16,Father's industry code (1970)
paocc80,Father's census occupation code (1980)
papres80,Father's occupational prestige score (1980)
paind80,Father's industry code (1980)
paocc10,Father's (or oldest same-sex parent's) occupatoin code (2010)
paoccindv,Father's occ/ind verbatim retrieved
paoccstatus,PAOCC10 coding status
paocctag,PAOCC10 coding tag
papres10,Father's (or oldest same-sex parent's) occupational prestige score (2010)
papres105plus,Father's (or oldest same-sex parent's) occupational prestige score using thresho
paind10,Father's (or oldest same-sex parent's) industry code (NAICS 2007)
paindstatus,PAIND10 coding status
paindtag,PAIND10 coding tag
maocc80,Mothers census occupation code (1980)
mapres80,Mothers occupational prestige score (1980)
mawrkslf,Mother (or youngest same-sex parent) self-emp. or worked for somebody
maind80,Mothers industry code (1980)
maocc10,Mother's (or youngest same-sex parent's) occupatoin code (2010)
maoccindv,Mothers occ/ind verbatim retrieved
maoccstatus,MAOCC10 coding status
maocctag,MAOCC10 coding tag
mapres10,Mother's (or youngest same-sex parent's) occupational prestige score (2010)
mapres105plus,Mother's (or youngest same-sex parent's) occupational prestige score using thres
maind10,Mother's (or youngest same-sex parent's) industry code (NAICS 2007)
maindstatus,MAIND10 coding status
maindtag,MAIND10 coding tag
sibs,Number of siblings (including step- and adopted)
childs,Number of children
age,Age of respondent
agekdbrn,R's age when 1st child born
educ,Highest year of school completed
paeduc,"Highest year school completed, father (or oldest same-sex parent)"
maeduc,"Highest year school completed, mother (or youngest same-sex parent)"
speduc,"Highest year school completed, spouse"
coeduc,"Highest year school completed, partner"
codeg,Partner's highest degree
degree,R's highest degree
padeg,Father's (or oldest same-sex parent's) highest degree
madeg,Mother's (or youngest same-sex parent's) highest degree
spdeg,Spouse's highest degree
major1,College major 1
major2,College major 2
dipged,"Diploma, ged, or other"
spdipged,"Spouse diploma, ged, or other"
codipged,"Partner diploma, ged, or other"
cosector,Type of college partneR attended
whenhs,When received hs degree
whencol,When received college degree
sector,Type of college respondent attended
eftotlt,Total number of students enrolled in college respondent attended
barate,Rate of BA degree earning in college respondent attended
gradtounder,Ratio of graduate students to undergraduate students in college respondent atten
voedcol,Non-college postsecondary education (VOEDNME1)
voednme1,Postsecondary institution attended for credit
voedncol,Non-college postsecondary education (VOEDNME2)
voednme2,Postsecondary institution attended for credit
spsector,Type of college spouse attended
speftotlt,Total number of students enrolled in college spouse attended
spbarate,Rate of BA degree earning in college spouse attended
spgradtounder,Ratio of graduate students to undergraduate students in college spouse attended
cobarate,Rate of BA degree earning at college partneR attended
cogradtounder,Ratio of graduate to undergraduate students at college partneR attended
coeftotlt,Total number of students enrolled at college partneR attended
sex,Respondents sex
race,Race of respondent
res16,Type of place lived in when 16 yrs old
reg16,"Region of residence, age 16"
mobile16,Geographic mobility since age 16
family16,Living with parents when 16 yrs old
famdif16,Reason not living with parents
mawork,Mothers employment since marriage
mawkbaby,Mothers employment before first grade
mawkborn,Mothers employment after R was born
mawk16,Mothers employment when R growing up
mawrkgrw,Did mother (or youngest same-sex parent) ever work for pay for as long as a year
incom16,R's family income when 16 yrs old
born,Was R born in this country
parborn,Were R's parents born in this country
granborn,How many grandparents born outside U.S.
hompop,Number of persons in household
babies,Household members less than 6 yrs old
preteen,Household members 6 thru 12 yrs old
teens,Household members 13 thru 17 yrs old
adults,Household members 18 yrs and older (Household Roster)
unrelat,Number in household not related
earnrs,How many in family earned money?
income,Total family income
rincome,Respondents income
income72,Total family income
income77,Total family income
rincom77,Respondents income
income82,Total family income
rincom82,Respondents income
income86,Total family income
rincom86,Respondents income
income91,Total family income
rincom91,Respondents income
income98,Total family income
rincom98,Respondents income
income06,Total family income
rincom06,Respondents income
income16,Total family income
rincom16,Respondents income
region,Region of interview
xnorcsiz,Expanded NORC size code
srcbelt,SRC beltcode
size,Size of place in 1000s
dotdata,D.O.T. code - relation to data
dotpeop,D.O.T. code - relation to people
dotthng,D.O.T. code - relation to things
dotged,D.O.T. code - general educ develop.
dotsvp,D.O.T. code - specific vocat. prep
dotpres,TEMME prestige scale
spdotdat,SP. D.O.T. code - relation to data
spdotpeo,SP. D.O.T. code - relation to people
spdotthn,SP. D.O.T. code - relation to things
spdotged,SP. D.O.T. code - general educ develop.
spdotsvp,SP. D.O.T. code - specific vocat. prep
spdotpre,SP. TEMME prestige scale
padotdat,FA. D.O.T. code - relation to data
padotpeo,FA. D.O.T. code - relation to people
padotthn,FA. D.O.T. code - relation to things
padotged,FA. D.O.T. code - general educ develop.
padotsvp,FA. D.O.T. code - specific vocat. prep
padotpre,FA. TEMME prestige scale
partyid,Political party affiliation
vote68,Did R vote in 1968 election
pres68,"Vote for Humphrey, Nixon, or Wallace"
if68who,Who would R have voted for-1968 election
vote72,Did R vote in 1972 election
pres72,Vote for McGovern or Nixon
if72who,Who would R have voted for-1972 election
vote76,Did R vote in 1976 election
pres76,Vote for Carter or Ford
if76who,Who would R have voted for-1976 election
vote80,Did R vote in 1980 election
pres80,"Vote for Carter, Reagan or Anderson"
if80who,Who would R have voted for-1980 election
vote84,Did R vote in 1984 election
pres84,Vote for Reagan or Mondale
if84who,Who would R have voted for-1984 election
vote88,Did R vote in 1988 election
pres88,Vote for Dukakis or Bush
if88who,Who would R have voted for-1988 election
vote92,Did R vote in 1992 election
pres92,"Vote for Clinton, Bush, Perot"
if92who,Who would R have voted for-1992 election
vote96,Did R vote in 1996 election
pres96,"Vote for Clinton, Dole, Perot"
if96who,Who would R have voted for-1996 election
vote00,Did R vote in 2000 election
pres00,"Vote for Gore, Bush, Nader"
if00who,Who would R has voted for in 2000 election
vote04,Did R vote in 2004 election
pres04,"Vote for Kerry, Bush, Nader"
if04who,Who would R has voted for in 2004 election
vote08,Did R vote in 2008 election
pres08,Vote Obama or McCain
if08who,Who you would have voted for
vote12,Did R vote in 2012 election
pres12,Vote Obama or Romney
if12who,Who would R have voted for in 2012 election
vote16,REMEMBER IF VOTED IN 2016 ELECTION
pres16,VOTE CLINTON OR TRUMP
if16who,WHO YOU WOULD HAVE VOTED FOR
polviews,Think of self as liberal or conservative
polviewy,Liberal or conservative-Version Y
polviewx,Liberal or conservative-Version X
natspac,Space exploration program
natenvir,Improving & protecting environment
natheal,Improving & protecting nations health
natcity,Solving problems of big cities
natcrime,Halting rising crime rate
natdrug,Dealing with drug addiction
nateduc,Improving nations education system
natrace,Improving the conditions of Black people
natarms,"Military, armaments, and defense"
nataid,Foreign aid
natfare,Welfare
natroad,Highways and bridges
natsoc,Social security
natmass,Mass transportation
natpark,Parks and recreation
natchld,Assistance for childcare
natsci,Supporting scientific research
natenrgy,Developing alternative energy sources
natspacy,Space exploration:Version Y
natenviy,The environment:Version Y
nathealy,Health:Version Y
natcityy,Assistance to big cities:Version Y
natcrimy,Law enforcement:Version Y
natdrugy,Drug rehabilitation:Version Y
nateducy,Education:Version Y
natracey,Assistance to Black people: version y
natarmsy,National defense:Version Y
nataidy,Assistance to other countries:Ver Y
natfarey,Assistance to the poor:Version Y
natspacz,Space exploration:Version Z
natenviz,Improving the environment:Version Z
nathealz,Improving health:Version Z
natcityz,Solving problems of big cities:Ver Z
natcrimz,Reducing crime:Version Z
natdrugz,Reducing drug addiction:Version Z
nateducz,Improving the education system:Ver Z
natracez,Improving conditions of blacks:Ver Z
natarmsz,Strengthening national defense:Ver Z
nataidz,Helping other countries:Version Z
natfarez,Caring for the poor:Version Z
natroadz,Improving highways and bridges:Ver Z
natsocz,Protecting social security:Version Z
natmassz,Improving mass transit:Version Z
natparkz,Improving parks and recreation:Ver Z
equal1,Everyone should look out for self
equal2,Business profits benefit all
equal3,Govt shld insure jobs and stable prices
equal4,Responsibility of govt to meet needs
equal5,Social welfare benefits are disincentive
equal6,One is able to live well in America
equal7,Business profits are distributed fairly
equal8,Social standing due to ability
usclass1,Traditional class divisions still remain
usclass2,Achievement depends on family background
usclass3,Achievement depends on educ and ability
usclass4,Ones own efforts don't count
usclass5,Personal income not determined by work
usclass6,Differences in class are an incentive
usclass7,Differences in class reflect own effort
usclass8,Social differences are acceptable
educop,Equal opportunity to obtain education?
govcare,Govt concern for social welfare
eqwlth,Should govt reduce income differences
eqwlthy,Govt reduce income differences-Version Y
tax,R's federal income tax
spkath,Allow anti-religionist to speak
colath,Allow anti-religionist to teach
libath,Allow anti-religious book in library
spksoc,Allow socialist to speak
colsoc,Allow socialist to teach
libsoc,Allow socialists book in library
spkrac,Allow racist to speak
colrac,Allow racist to teach
librac,Allow racists book in library
spkcom,Allow communist to speak
colcom,Should communist teacher be fired
libcom,Allow communists book in library
spkmil,Allow militarist to speak
colmil,Allow militarist to teach
libmil,Allow militarists book in library
spkhomo,Allow homosexual to speak
colhomo,Allow homosexual to teach
libhomo,Allow homosexuals book in library
spkmslm,Allow muslim clergymen preaching hatred of the us
colmslm,Allow anti-American muslim clergymen teaching in college
libmslm,Allow anti-American muslim clergymen's books in library
cappun2,Does R favor capital punishment
cappun,Favor or oppose death penalty for murder
capimp,Importance of death penalty issue to R
capinfo,How much info R has on death penalty
capfirm,How firm Is R's opinion of death penalty
gunlaw,Favor or oppose gun permits
gunimp,Importance of gun control issue to R
guninfo,How much info Does R have on gun control
gunfirm,How firm Is R's opinion on gun control
courts,Courts dealing with criminals
courtsy,Courts dealing with criminals-Version Y
crimimp,Importance of crime issue to R
criminfo,How much info Does R have on crime issue
crimfirm,How firm Is R's opinion on crime issue
lawimp,Importance of law enforcement issue to R
lawinfo,How much info Does R have on law issue
lawfirm,How firm Is R's opinion on law issue
wirtap,Wiretapping
grass,Should marijuana be made legal
grassy,Should marijuana be legal-Version Y
relig,R's religious preference
denom,Specific denomination
other,Other protestant denominations
othjew,Consider self to be Jewish
jew,What sort of Jew R is
jewaj,What sort of Jew R is
fund,How fundamentalist Is R currently
attend,How often R attends religious services
maattend,How often MA attended religious services
paattend,How often PA attended religious services
spattend,How often SP attends religious services
reliten,Strength of affiliation
relitena,Strength of affiliation
postlife,Belief in life after death
postlf1,Life of peace and tranquility
postlf2,Life of intense action
postlf3,Like here on earth only better
postlf4,Life without many earthly joys
postlf5,Pale or shadowy form of life
postlf6,A spiritual life involving mind not body
postlf7,Paradise of pleasures and delights
postlf8,Place of loving intellectual communion
postlf9,Union with god
postlf10,Reunion with loved ones
likediff,Afterlife contrast: better or lacking
mindbody,Afterlife contrast: spiritual or sensual
restact,Afterlife contrast: peaceful or action
palefull,Afterlife contrast: shadows or full
pray,How often Does R pray
dejavu,Thought one was someplace before
esp,Felt in touch with someone far away
visions,Perceived events at great distance
spirits,Felt in touch with deceased person
grace,Had powerful religious experience
neargod,How close Does R feel to god
judge,Image of god as judge
redeemer,Image of god as redeemer
lover,Image of god as lover
master,Image of god as master
mother,Image of god as mother
creator,Image of god as creator
father,Image of god as father
spouse,Image of god as spouse
friend,Image of god as friend
king,Image of god as king
liberatr,Image of god as liberator
healer,Image of god as healer
mapa,Contrast between mother and father
mastersp,Contrast between master and spouse
judgeluv,Contrast between judge and lover
frndking,Contrast between friend and king
crtrheal,Contrast between creator and healer
rdeemlib,Contrast between redeemer and liberator
popespks,Pope is infallible on matteR's of faith or morals
relig16,Religion in which raised
denom16,Denomination in which R was raised
oth16,Other protestant denominations
othjew16,R raised as a Jew
jew16,What sort of Jew R was at age 16
jew16aj,What sort of Jew R was at age 16
fund16,How fundamentalist was R at age 16
sprel,Spouse's religious preference
spden,"Specific denomination, spouse"
spother,Other protestant denominations
spothjew,Spouse considers self Jewish
spjew,What sort of Jew Is R's spouse currently
spjewaj,What sort of Jew Is R's spouse currently
spfund,How fundamentalist is spouse currently
sprel16,Religion in which spouse raised
spden16,Denomination in which spouse raised
spoth16,Other protestant denominations
spjew16,What sort of Jew was R's spouse at 16
spfund16,How fundamentalist was spouse at 16
corel,Partner's religious preference
coden,Partner's denomination
coother,Other protestant denominations
cojew,What sort of Jew Is R's partner currently
cofund,How fundamentalist is partner's current religion
tithing,How much Does R give to religion
prayer,Bible prayer in public schools
prayery,Bible prayer in schools-Version Y
prayerx,Bible prayer in schools:Version Z
bible,Feelings about the bible
bibley,Feelings about the bible:Version Z
world1,World image:much evil vs. much good
world2,World image:the good must act vs. not
world3,World image:god not here vs. here
world4,World image:man is good vs. corrupt
world5,World image:arts are good vs. not
world6,World image:chaos vs. harmony
world7,World image:ach. reveals god vs. not
libtemp,Feeling thermometer:liberals
contemp,Feeling thermometer:conservatives
prottemp,Feeling thermometer:protestants
cathtemp,Feeling thermometer:catholics
jewtemp,Feeling thermometer:Jews
mslmtemp,Feeling thermometer:muslims
fepriest,R favors women as priests
feclergy,R favors women as ministers
relgrade,Grade given religion
racmar,Favor law against racial intermarriage
racmar10,Favor law against rac intrmar 10 yrs ago
racdin,Object to opp. race home for dinner
racpush,Blacks shouldn't push
racseg,Whites have right to seg. neighborhood
racopen,Vote on open housing law
raclive,Any opp. race in neighborhood
racclos,Any opp. race living close to R
racdis,How far are closest opp. race
racinteg,Will neighborhood become all black
racobjct,Neighborhood integrated by same ses
rachome,Opp. race home for dinner recently
racschol,Should whites & blacks go to same school
racfew,Children to school with opposite race
rachaf,Children to school half opposite race
racmost,Children to school mostly opposite race
busing,Attitude toward racial busing
busing10,Favor busing 10 yrs ago
racpres,Would vote for black president
racjob,Equal opportunities on jobs
racchurh,Attend church with other race
color,R's skin color
racname,Preferred racial name
rachisch,How integrated was R's high school
racmix,How many friends are white
racneigh,Neighborhood R would like to live in
racnobuy,Ever boycott certain products
ractrust,Trust white people
racparty,Which party helps blacks more
racocc,Equality in occupation
racinc,Equality in income
racopnow,Opportunities improved in last 5 yrs
racopwil,Opportunities improve in next 5 yrs
racimp,Importance of race relations issues to R
racinfo,How much info does R have on race issues
racfirm,How firm Is R's opinion on racial issues
raccare,R's concern about racial issues
racthink,How often R & friends think about race issues
racwrite,R ever written official abt race issues
racgive,Has R given money to racial orgs
racjoin,Ever joined org working on racial issues
affrmact,Favor preference in hiring Black people
wrkwayup,Black people overcome prejudice without favors
blksimp,Have conditions for blacks improved
closeblk,How close R feels to Black people
closewht,How close feel to whites
alienat1,People running country don't care
alienat2,"Rich get richer, poor poorer"
alienat3,What you think doesn't count
alienat4,You're left out of things
alienat5,Powerful people take advantage of you
alienat6,People in Wash D.C. are out of touch
happy,General happiness
hapmar,Happiness of marriage
hapcohab,Happiness of relt with partner
health,Condition of health
life,Is life exciting or dull
helpful,People helpful or looking out for selves
fair,People fair or try to take advantage
trust,Can people be trusted
trusty,Can people be trusted-Version Y
trust1,Can people be trusted (see Codebook)
satcity,City or place R lives in
sathobby,"Non-working activities, hobbies"
satfam,Family life
satfrnd,Friendships
sathealt,Health and physical condition
confinan,Confid in banks & financial institutions
conbus,Confidence in major companies
conclerg,Confidence in organized religion
coneduc,Confidence in education
confed,Confid. in exec branch of fed govt
conlabor,Confidence in organized labor
conpress,Confidence in press
conmedic,Confidence in medicine
contv,Confidence in television
conjudge,Confid. in united states supreme court
consci,Confidence in scientific community
conlegis,Confidence in congress
conarmy,Confidence in military
confinay,Banks & financial institutions:Ver Z
conbusy,Major companies:Version Z
conclery,Organized religion:Version Z
coneducy,Education:Version Z
confedy,Exec branch fed govt:Version Z
conlaboy,Organized labor:Version Z
conpresy,Press:Version Z
conmediy,Medicine:Version Z
contvy,Television:Version Z
conjudgy,United states supreme court:Version Z
consciy,Scientific community:Version Z
conlegiy,Congress:Version Z
conarmyy,Military:Version Z
manners,Good manners
success,Tries hard to succeed
honest,Honest
clean,Neat and clean
judgment,Good sense and sound judgment
control,Self-control
role,Acts like boy-acts like girl
amicable,Gets along well with other children
obeys,Obeys parents well
responsi,Responsible
consider,Considerate of others
studious,Good student
mannersy,Good manners-Version Y
successy,Tries hard to succeed-Version Y
honesty,Honest-Version Y
cleany,Neat and clean-Version Y
judgmeny,"Good sense, sound judgment-Version Y"
controly,Self-control-Version Y
roley,Acts like boy-acts like girl-Version Y
amicably,Gets along with other children-Version Y
obeysy,Obeys parents well-Version Y
responsy,Responsible-Version Y
considey,Considerate of others-Version Y
studiouy,Good student-Version Y
mannersz,Good manners-Version Z
successz,Tries hard to succeed-Version Z
honestz,Honest-Version Z
cleanz,Neat and clean-Version Z
judgmenz,"Good sense, sound judgment-Version Z"
controlz,Self-control-Version Z
rolez,Acts like boy-acts like girl-Version Z
amicablz,Gets along with other children-Version Z
obeysz,Obeys parents well-Version Z
responsz,Responsible-Version Z
considez,Considerate of others-Version Z
studiouz,Good student-Version Z
obey,To obey
popular,To be well liked or popular
thnkself,To think for ones self
workhard,To work hard
helpoth,To help others
chldsex,Qualities for boys or girls
chldsex1,Qualities for boys or girls:variant
youngen,What should younger generation be taught
socrel,Spend evening with relatives
socommun,Spend evening with neighbor
socfrend,Spend evening with friends
socbar,Spend evening at bar
socpars,Spend evening with parents
socsibs,Spend evening with siblings
aged,Should aged live with their children
agedpar,Should aged live with their children
agedchld,Should grown children live with parents
weekswrk,Weeks R worked last year
partfull,Was R's work part-time or full-time?
drink,Ever drink alcoholic beverages?
drunk,Ever drink too much?
smoke,Does R smoke
quitsmk,Ever tried to quit smoking
smokecig,Does R smoke cigarettes
cigweek,Has R smoked cigarettes in last week
evsmoke,Has R ever smoked
anomia1,"Next to health, money is most important"
anomia2,Wonder if anything is worthwhile
anomia3,No right & wrong ways to make money
anomia4,Live only for today
anomia5,Lot of the average man getting worse
anomia6,Not fair to bring child into world
anomia7,Officials not interested in average man
anomia8,Don't know whom to trust
anomia9,Most don't care what happens to others
joblose,Is R likely to lose job
jobfind,Could R find equally good job
satjob,Work satisfaction
satjobhv,Job satisfaction
richwork,"If rich, continue or stop working"
jobinc,High income
jobsec,No danger of being fired
jobhour,Short working hours
jobpromo,Chances for advancement
jobmeans,Work important and feel accomplishment
jobkeep,Job security
jobpay,High income
jobrise,Opportunity for advancement
jobhonor,Occupation is recognized and respected
joboff,Leaves time for leisure
jobinter,Interesting work
jobindep,Allows one to work independently
jobresp,Responsible job tasks
jobpeop,Contact with other people
jobhelp,Can help others
jobsoc,Useful to society
jobaccmp,Doing something meaningful
jobsafe,Safe conditions
class,Subjective class identification
classy,Subjective social class-Version Y
rank,R's self ranking of social position
rank10,R's social rank 10 years ago
satfin,Satisfaction with financial situation
finalter,Change in financial situation
finrela,Opinion of family income
incneed,Income family needs
mininc,Minimum amount of income needed per week
wksub,Does R or spouse have supervisor
wksubs,Does supervisor have supervisor
wksub1,Does R or spouse or partneR have a supervisor
wksubs1,Does supervisor have supervisor
wksup,Does R or spouse supervise anyone
wksups,Does subordinate supervise anyone
wksup1,Does R or spouse or partner supervise anyone
wksups1,Does subordinant supervise anyone
unemp,Ever unemployed in last ten yrs
govaid,"Ever receive welfare, unemp insur, etc."
getaid,Ever received welfare?
union,Does R or spouse belong to union
union1,Does R or spouse or partner belong to union
getahead,Opinion of how people get ahead
parsol,R's living standard compared to parents
kidssol,R's kids living standard compared to R
fehome,Women take care of home not country
fework,Should women work
fepres,Vote for woman president
fepol,Women not suited for politics
fepoly,Men or women better suited for politics
feimp,Importance of women's rights issue to R
feinfo,How much info R has on women's rgts
fefirm,How firm Is R's opinion on women's rghts
fecare,R's concern about women's rights
fethink,How oft R & frnds think abt women's rgts
fewrite,R ever written official abt women's rgts
fegive,Has R given money to women's rights orgs
fejoin,Ever joined org working on women's rgts
abdefect,Strong chance of serious defect
abnomore,Married--wants no more children
abhlth,Woman's health seriously endangered
abpoor,Low income--cant afford more children
abrape,Pregnant as result of rape
absingle,Not married
abany,Abortion if woman wants for any reason
aborct,Heard supreme court decision on abortion
abpro1,1st argument for abortion
abpro2,2nd argument for abortion
abpro3,3rd argument for abortion
abcon1,1st argument against abortion
abcon2,2nd argument against abortion
abcon3,3rd argument against abortion
abimp,Importance of abortion issue to R
abinfo,How much info does R have on abortion
abfirm,How firm is R's opinion on abortion
abcare,How concerned is R about abortion
chldidel,Ideal number of children
chldmore,Expect more children
chldnum,How many children expected
chldsoon,Children expected in 5 years
pill,Birth control information
teenpill,Birth control information to teens
pillok,Birth control to teenagers 14-16
sexeduc,Sex education in public schools
divlaw,Divorce laws
divlawy,Divorce laws-Version Y
spdue,Ever entitled to alimony or chld support
sppaid,Regularly received alimony - chld supprt
premarsx,Sex before marriage
teensex,Sex before marriage:teens 14-16
xmarsex,Sex with person other than spouse
homosex,Homosexual sex relations
homochng,Homosexuality: inherent or choice?
porninf,Materials provide info about sex
pornmorl,Materials lead to breakdown in morals
pornrape,Materials lead to rape
pornout,Materials provide outlet
pornlaw,Feelings about pornography laws
xmovie,Seen x-rated movie in last year
xmovie1,Seen porn film (theater or vcr) last yr
pornimp,Importance of pornography issue to R
porninfo,How much info Does R have on porn issue
pornfirm,How firm Is R's opinion on porn issue
spanking,Favor spanking to discipline child
letdie1,Allow incurable patients to die
letdie2,Let patients die if doctors agree
suicide1,Suicide if incurable disease
suicide2,Suicide if bankrupt
suicide3,Suicide if dishonored family
suicide4,Suicide if tired of living
suinum,People R knows suicide over lifetime
suinum1,People R knows suicide over lifetime
suirel1,R's relationship to closest suicide
suineg1,Did closest suicide negatively impact you
suiclse1,How close were you to closest suicide victim
suitime1,How many years and months since closest suicide
suimths1,How many months since closest suicide
suiyrs1,How many years since closest suicide
suirel2,R's relationship to 2nd closest suicide
suineg2,Did 2nd closest suicide negatively impact you
suiclse2,How close wereyou to 2nd closest suicide victim
suitime2,How many years and months since 2nd closest suicide
suimths2,How many months since 2nd closest suicide
suiyrs2,How many years since 2nd closest suicide
strike,Picketing for labor strike
civright,Civil rights demonstration
antiwar,Anti-war demonstration
prowar,Pro-war demonstration
school,School related demonstration
hit,Ever punched or beaten by another person
hitage,Beaten as child or adult
hitnum,If beaten--how many times
gun,Ever threatened with gun or shot at
gunage,Threatened or shot at as child or adult
gunnum,If threatened or shot at--how many times
hitok,Ever approve of man punching adult male
hitmarch,Stranger in protest march
hitdrunk,Drunk bumped into man & wife
hitchild,Stranger had hit mans child
hitbeatr,Stranger was beating up a woman
hitrobbr,Stranger had broken into mans house
polhitok,Ever approve of police striking citizen
polabuse,Citizen said vulgar or obscene things
polmurdr,Citizen questioned as murder suspect
polescap,Citizen attempting to escape custody
polattak,Citizen attacking policeman with fists
fear,Afraid to walk at night in neighborhood
fearhome,Does R feel safe and secure at home
burglr,Home broken into during the last year
robbry,Forcefully robbed during the last year
owngun,Have gun in home
pistol,Pistol or revolver in home
shotgun,Shotgun in home
rifle,Rifle in home
rowngun,Does gun belong to R
ticket,Ever received a traffic ticket
arrest,Ever picked up or charged by police
convictd,Convicted of crime ever
lockedup,Prison or jail ever
hunt,Does R or spouse hunt
hunt1,Does R or spouse or partner hunt
huntothr,Does other household member hunt
news,How often Does R read newspaper
tvhours,Hours per day watching TV
radiohrs,Hours per day listening to radio
phone,Does R have telephone
coop2,R's attitude toward interview
random,RANDOMIZATION VARIABLE FOR FORM X
abspno,Abortion if husband opposes
abhave1,Have abortion if probable defect
abhave2,Have abortion if health endangered
abhave3,Have abortion if couldn't afford child
ablegal,Should abortion ever be legal
fechld,Mother working doesn't hurt children
fehelp,Wife should help husbands career first
fepresch,Preschool kids suffer if mother works
fefam,"Better for man to work, woman tend home"
eraread,Has R heard or read about era
erameans,Does R understand what era means
era,Does R favor or oppose era?
eratell,Does R favor or oppose era
erawhy1,1st reason favor-oppose era
erawhy2,2nd reason favor-oppose era
erawhy3,3rd reason favor-oppose era
eraimp,Importance of era issue
erainfo,How much info does R have about era
erafirm,How firm is R's opinion on era
febear,Can wife refuse to have children
feworkif,Married women work if jobs limited
racsubs,Favor attempts to integrate suburbs
racsubgv,Suburban govts encourage integration
racmarel,What if relative married other race
racmarpr,Expect probs in interracial marriage
racsups,Expect probs if blacks supervise whites
racteach,Don't hire teachers against integration
racavoid,Avoid driving thru black neighborhood
racchng,Try to integrate social club
racquit,Quit if couldn't integrate club
racdif1,Differences due to discrimination
racdif2,Differences due to in-born learning ability
racdif3,Differences due to lack of education
racdif4,Differences due to lack of will
salfergt,"Salience, women's rights"
sallabor,"Salience, labor leaders"
salsatfn,"Salience, financial satisfaction"
salabort,"Salience, abortion laws"
salsci,"Salience, scientific community"
divorce5,Divorced in last 5 yrs
divrel1,Relatives divorced in last year
divrel4,Relatives divorced between 5 & 1 yrs ago
unemp5,Unemployed in last 5 yrs
unrel1,Relatives unemployed in last yr
unrel4,Relatives unemp between 5 & 1 yrs ago
hosdis5,"Hospitalized, disabled last 5 yrs"
hosrel1,Rels hospitalized in last year
hosrel4,Rels hospitalized betw 5 & 1 yrs ago
death5,Relatives died in last 5 yrs
death16,Relatives died since age 16
padeath,Death of father
madeath,Death of mother
chlddth,Death of child
sibdeath,Death of sibling
spdeath,Death of spouse
trauma1,"Trauma scale, last year"
trauma5,"Trauma scale, last 5 years"
trarel1,"Trauma of relatives, last year"
trarel5,"Trauma of relatives, last 5 yrs"
tratot1,"Trauma last year, self & relatives"
tratot5,"Trauma last 5 yrs, self & relatives"
defspdr,Defense spending--R's position
defspdfg,Defense spending--govt position
hlpminr,Help minorities--R's position
hlpminfg,Help minorities--govt position
cutspdr,Cut govt spending--R's position
cutspdfg,Cut govt spending--govt position
impfam,Family and children
impwork,Career and work
imprelax,Free time and relaxation
impfrend,Friends and acquaintances
impkin,Relatives
impchurh,Religion and church
imppol,Politics and public life
privacy,Is R concerned about privacy?
civic,Does R follow public affairs?
rushed,How often R feels rushed
bored,How often Does R have extra time
stresswk,Stress in past 2 wks
pollgood,Do surveys serve good purpose
polltrue,Trust results of surveys
feserve,Mandatory conscription for females?
meserve,Mandatory conscription for males?
taxserve,Favor conscription given taxes?
milqual,Quality of persons in military
milpay,Pay and benefits for military personnel
fenumok,Number of women in military
hinumok,Number of Hispanics in military
blnumok,Number of blacks in military
hinumoky,Number Hispanics in military-Version Y
blnumoky,Number of blacks in military-Version Y
milvolok,How well has volunteer military worked?
fightair,Women as jet fighter pilots
mechanic,Women as truck mechanic
nurse,Women as nurses in combat zone
typist,Women as typist in pentagon
brass,Women in command of military bases
fightlnd,Women in hand-to-hand combat
transair,Women as jet transport pilot
gunner,Women as air defense gunner in U.S.
fightsea,Women as crew member of combat ship
fefight,Are women assigned to combat
fedirty,Are women assigned to dirty jobs
febrass,Do women command over men
fehlpmil,Do women raise effectiveness of military
draft,Return to the draft?
draftfe,"If return to draft, draft women?"
draftem,"If emergency, return to draft?"
draftfem,"If emergency, draft women also?"
draftcol,College students exempt from draft?
draftmar,Married persons exempt from draft?
draftpar,Parents of small chldrn exempt frm draft
draftgay,Gays exempt from draft?
draftco,Conscientious objector exempt from draft
draftdef,Defense occupations exempt from draft?
vetfam,Family members served in armed forces?
vetfamnw,Any family members in armed forces now
minmilop,Min opportunities better in military?
femilop,Fem opportunities better in military?
copunish,Punish draft resister's?
cojail,Jail draft resister's?
milokme,Military service good experience for men
milokfe,Mil service good experience for women
upgrade,Refuse vols with no basic skills?
jobtrain,Obligation to train for civilian jobs?
nukewar,Possibility of an all-out atomic war
landwar,Possibility of a conventional ground war
morenuke,Possibility of increasing arms race
lessnuke,Possibility of reducing atomic weapons
nonuke,Possibility eliminating atomic weapons
guerilla,Possibility of guerilla wars
vetaid,Any in hh receive mil or vet benefits
defwrkev,Ever work for military supplier?
defwrknw,Currently work for military supplier?
milwrkev,Ever work for military or dod?
milwrknw,Currently work for military or DOD?
resdefwk,Local economy depends on defense work?
obvote,Obligation--voting in elections
obvol,Obligation--community service
objury,Obligation--jury duty
ob911,Obligation--reporting a crime
obeng,Obligation--being able to speak English
obknow,Obligation--keeping informed
obmepax,Obligation--peacetime mil service-men
obmewar,Obligation--wartime mil service-men
obfepax,Obligation--peacetime mil service-female
obfewar,Obligation--wartime mil service-female
helppoor,Should govt improve standard of living?
helpnot,Should govt do more or less?
helpsick,Should govt help pay for medical care?
helpblk,Should govt aid Black people?
numgiven,Number of persons mentioned
eqclose,R feels equally close to all persons
rclose1,R feels especially close to person #1
rclose2,R feels especially close to person #2
rclose3,R feels especially close to person #3
rclose4,R feels especially close to person #4
rclose5,R feels especially close to person #5
close12,How close are persons number 1 and 2?
close13,How close are persons number 1 and 3?
close14,How close are persons number 1 and 4?
close15,How close are persons number 1 and 5?
close23,How close are persons number 2 and 3?
close24,How close are persons number 2 and 4?
close25,How close are persons number 2 and 5?
close34,How close are persons number 3 and 4?
close35,How close are persons number 3 and 5?
close45,How close are persons number 4 and 5?
sex1,Sex of person number 1
sex2,Sex of person number 2
sex3,Sex of person number 3
sex4,Sex of person number 4
sex5,Sex of person number 5
race1,Race of person number 1
race2,Race of person number 2
race3,Race of person number 3
race4,Race of person number 4
race5,Race of person number 5
spouse1,Person #1 is R's spouse
spouse2,Person #2 is R's spouse
spouse3,Person #3 is R's spouse
spouse4,Person #4 is R's spouse
spouse5,Person #5 is R's spouse
parent1,Person #1 is R's parent
parent2,Person #2 is R's parent
parent3,Person #3 is R's parent
parent4,Person #4 is R's parent
parent5,Person #5 is R's parent
sibling1,Person #1 is R's sibling
sibling2,Person #2 is R's sibling
sibling3,Person #3 is R's sibling
sibling4,Person #4 is R's sibling
sibling5,Person #5 is R's sibling
child1,Person #1 is R's child
child2,Person #2 is R's child
child3,Person #3 is R's child
child4,Person #4 is R's child
child5,Person #5 is R's child
othfam1,Person #1 is R's family member
othfam2,Person #2 is R's family member
othfam3,Person #3 is R's family member
othfam4,Person #4 is R's family member
othfam5,Person #5 is R's family member
cowork1,Person #1 is R's coworker
cowork2,Person #2 is R's coworker
cowork3,Person #3 is R's coworker
cowork4,Person #4 is R's coworker
cowork5,Person #5 is R's coworker
memgrp1,Person #1 is member of R's group
memgrp2,Person #2 is member of R's group
memgrp3,Person #3 is member of R's group
memgrp4,Person #4 is member of R's group
memgrp5,Person #5 is member of R's group
neighbr1,Person #1 is R's neighbor
neighbr2,Person #2 is R's neighbor
neighbr3,Person #3 is R's neighbor
neighbr4,Person #4 is R's neighbor
neighbr5,Person #5 is R's neighbor
friend1,Person #1 is R's friend
friend2,Person #2 is R's friend
friend3,Person #3 is R's friend
friend4,Person #4 is R's friend
friend5,Person #5 is R's friend
advisor1,Person #1 is R's advisor
advisor2,Person #2 is R's advisor
advisor3,Person #3 is R's advisor
advisor4,Person #4 is R's advisor
advisor5,Person #5 is R's advisor
other1,Person #1 is other type of acquaintance
other2,Person #2 is other type of acquaintance
other3,Person #3 is other type of acquaintance
other4,Person #4 is other type of acquaintance
other5,Person #5 is other type of acquaintance
talkto1,How often Does R talk to person #1?
talkto2,How often Does R talk to person #2?
talkto3,How often Does R talk to person #3?
talkto4,How often Does R talk to person #4?
talkto5,How often Does R talk to person #5?
known1,How long Has R known person #1?
known2,How long Has R known person #2?
known3,How long Has R known person #3?
known4,How long Has R known person #4?
known5,How long Has R known person #5?
educ1,Education level of person #1
educ2,Education level of person #2
educ3,Education level of person #3
educ4,Education level of person #4
educ5,Education level of person #5
age1,Age of person #1
age2,Age of person #2
age3,Age of person #3
age4,Age of person #4
age5,Age of person #5
relig1,Religious preference of person #1
relig2,Religious preference of person #2
relig3,Religious preference of person #3
relig4,Religious preference of person #4
relig5,Religious preference of person #5
partyid1,Party ID of person #1
partyid2,Party ID of person #2
partyid3,Party ID of person #3
talkpol1,R discusses politics with person #1
talkpol2,R discusses politics with person #2
talkpol3,R discusses politics with person #3
talkpol,How often Does R discuss politics?
frndknow,How many of R's friends know each other?
memfrat,Membership in fraternal group
memserv,Membership in service group
memvet,Membership in veteran group
mempolit,Membership in political club
memunion,Membership in labor union
memsport,Membership in sports club
memyouth,Membership in youth group
memschl,Membership in school service
memhobby,Membership in hobby club
memgreek,Membership in school fraternity
memnat,Membership in nationality group
memfarm,Membership in farm organization
memlit,Membership in literary or art group
memprof,Membership in professional society
memchurh,Membership in church group
memother,Membership in any other
memnum,Number of memberships
solfrat,Fraternal group tries to solve problems
solserv,Service group tries to solve problems
solvet,Veteran group tries to solve problems
solpolit,Political club tries to solve problems
solunion,Labor union tries to solve problems
solsport,Sports club tries to solve problems
solyouth,Youth group tries to solve problems
solschl,School service tries to solve problems
solhobby,Hobby club tries to solve problems
solgreek,Fraternity tries to solve problems
solnat,Nationality grp tries to solve problems
solfarm,Farm org tries to solve problems
sollit,Lit or art grp tries to solve problems
solprof,Prof society tries to solve problems
solchurh,Church group tries to solve problems
solother,Any other group tries to solve problems
actfrat,R active in fraternal group
actserv,R active in service group
actvet,R active in veteran group
actpolit,R active in political club
actunion,R active in labor union
actsport,R active in sports club
actyouth,R active in youth group
actschl,R active in school service
acthobby,R active in hobby club
actgreek,R active in school fraternity
actnat,R active in nationality group
actfarm,R active in farm organization
actlit,R active in literary or art group
actprof,R active in professional society
actchurh,R active in church group
actother,R active in any other group
churhgrp,Is church group church itself
mostact,Which group Is R most active in
caregrp,How committed to group Is R
servegrp,Has R served on group committees
leadgrp,Has R served as officer in group
givegrp,Has R given money above regular dues
attndgrp,Has R attended group conferences
writegrp,Has R written to newspapeR's for group
lobbygrp,Has R contacted government for group
loclived,How long Has R lived in community
loctrust,How much trust Does R have in local gov
locinflu,How much influence R feels on local gov
locprob,Has R helped to solve local problems
locgrp,Has R helped to start new local group
loccare,Would local officials listen to problem
swayvote,Has R tried to influence votes of others
workpol,Has R worked for parties or candidates
polrally,Has R attended political rallies
loclobby,Has R lobbied local officials
locself,Was problem of narrow or wide concern
othlobby,Has R lobbied higher level officials
othself,Was this prob of narrow or wide concern
governor,Did R correctly name governor
usrep,Did R correctly name us representative
schlhead,Did R correctly name local school head
fedtrust,How much does R trust federal government
locvote,How often does R vote in local elections
gavepol,Has R given money to candidate or cause
blkinflu,Opinion of political influence of blacks
blkgains,Best way for blacks to improve position
feinflu,Opinion of political influence of women
fegains,Best way for women to improve position
scisolve,Science will solve social problems
scichng,Science changes way of life too fast
scipry,Scientists pry into things they oughtn't
scimoral,Science breaks down ideas of right & wrong
switched,Has R ever had a different religion
switch1,What was R's first religious preference
switch2,What was R's second religious preference
switch3,What was R's third religious preference
switnum,How many religious preferences mentioned
switage1,How old was R when first switched
switage2,How old was R when second switch
switwhy1,Why did R make first switch
switwhy2,Why did R make second switch
marelig,What was mother's religious preference
maden,What was mother's religious denomination
maoth,Other protestant denomination for mother
majew,What sort of Jew was R's mother
mafund,How fundamentalist was R's mother
parelig,What was father's religious preference
paden,What was father's religious denomination
paoth,Other protestant denomination for father
pajew,What sort of Jew was R's father
pafund,How fundamentalist was R's father
churhsch,Number of years R attended church school
sunsch16,How frequently R attended sunday school
grace16,Did R's family say grace at meals
join16,Was R ever confirmed as member of church
lapsed,Did R ever lapse in church attendance
churhmem,Is R a member of church or synagogue
churhact,Does R participate in church activities
tvrelig,Hours per week R watches religious TV
god,R's confidence in the existence of god
reborn,Has R ever had a 'born again' experience
savesoul,Tried to convince others to accept jesus
saygrace,Does R's family say grace before meals
readword,How often did R read bible last year
punsin,R agrees that sinners must be punished
blkwhite,R agrees right & wrong not black & white
rotapple,R agrees immoral person corrupts society
permoral,R agrees that morality a Personal matter
decbible,Importance of bible in making decisions
decoths,Imp. of family & friends to make decisions
decchurh,Imp of church teachings to make decision
decself,Imp of Personal judgment to make decision
gochurch,Importance of attending church regularly
believe,Importance of believing in god w o doubt
follow,Importance of following church teachings
goownway,Importance of following own conscience
myfaith,Degree to which faith is free of doubt
madatgod,How often R feels angry at god
doubts1,Has evil in the world caused R doubt
doubts2,Has Personal suffering caused R doubt
doubts3,Has science-faith conflict caused doubt
doubts4,Has feeling of meaninglessness caused doubt
faith1,Has death in family strengthened faith
faith2,Has birth of child strengthened faith
faith3,Has marriage strengthened faith
faith4,Has sexual pleasure strengthened faith
frndcon1,Does friend 1 belong to R's congregation
frndcon2,Does friend 2 belong to R's congregation
frndcon3,Does friend 3 belong to R's congregation
frndcon4,Does friend 4 belong to R's congregation
frndcon5,Does friend 5 belong to R's congregation
frndrel1,What is friend 1s religious preference
frndrel2,What is friend 2s religious preference
frndrel3,What is friend 3s religious preference
frndrel4,What is friend 4s religious preference
frndrel5,What is friend 5s religious preference
frndden1,What is friend 1s specific denomination
frndden2,What is friend 2s specific denomination
frndden3,What is friend 3s specific denomination
frndden4,What is friend 4s specific denomination
frndden5,What is friend 5s specific denomination
frndoth1,What is friend 1s other prot denom
frndoth2,What is friend 2s other prot denom
frndoth3,What is friend 3s other prot denom
frndoth4,What is friend 4s other prot denom
frndoth5,What is friend 5s other prot denom
frndfnd1,Fund.-lib. of 1st friend
frndfnd2,Fund.-lib. of 2nd friend
frndfnd3,Fund.-lib. of 3rd friend
frndfnd4,Fund.-lib. of 4th friend
frndfnd5,Fund.-lib. of 5th friend
frndrac1,What is friend 1s race
frndrac2,What is friend 2s race
frndrac3,What is friend 3s race
frndrac4,What is friend 4s race
frndrac5,What is friend 5s race
friends,Have any good friends feeling close
numfrend,About how many good friends do you have
numbwfrd,Good friends who are white-black
bwfriend,Friends black or white
godsells,Religious image to sell products
godsport,Pro-athletes giving thanks to god
givecong,Given money to local congregation
giverel,Given money other religious org
giveoth,Given money non-religious charities
givearts,Contributions to arts culture humanities
relhrs1,Hours religious act in home
relhrs2,Hours religious act outside of home
numcong,Number of members of the congregation
kid5up,Have children older than 5
pubsch,All children attend pub elem & hi school
homesch,Children attend home schooling
cathsch,Children attend catholic school
chrissch,Children attend christian school
denomsch,Denomination of school children attended
relsch,Children attend other church school
privsch,Children attend private secular school
othsch,Children attend other school
shoprel,Ever shopped around for a church
shopmove,Shopped around because had moved
shopnum,How many churches did you visit
othchrch,Happy in other non catholic church
implives,Way of life more important than being catholic
obeytch,Important to obey church teachings
preach,How well local church preaches
ferespct,How well local church respects women's rights
sympcoun,How well local church counsels sympathetically
wrkyoung,How well local church works with youth
worship,How good local church woR'ship services
ownthing,Youthful protest is good
talkback,Talking back to parents is bad
twoclass,Weak vs. strong
openmind,Treat dissenters with leniency
whypoor1,Poor schools
whypoor2,Loose morals and drunkenness
whypoor3,Not enough jobs
whypoor4,Lack of effort
socdif1,Income differences an incentive
socdif2,Paid what you need
socdif3,Study for years to get high pay
socdif4,Don't give equal chance
wlthwhts,Rich - poor
wlthjews,Rich - poor
wlthblks,Rich - poor
wlthasns,Rich - poor
wlthhsps,Rich - poor
wlthso,Rich - poor
workwhts,Hard working - lazy
workjews,Hard working - lazy
workblks,Hard working - lazy
workasns,Hard working - lazy
workhsps,Hard working -lazy
workso,Hard working - lazy
violwhts,Violent - not violent
violjews,Violent - not violent
violblks,Violent - not violent
violasns,Violent - not violent
violhsps,Violent - not violent
violso,Violent - not violent
farewhts,Self supporting - live off welfare
farejews,Self supporting - live off welfare
fareblks,Self supporting - live off welfare
fareasns,Self supporting - live off welfare
farehsps,Self supporting - live off welfare
fareso,Self supporting - live off welfare
patrwhts,Unpatriotic - patriotic
patrjews,Unpatriotic - patriotic
patrblks,Unpatriotic - patriotic
patrasns,Unpatriotic - patriotic
patrhsps,Unpatriotic - patriotic
patrso,Unpatriotic - patriotic
livejews,Neighborhood half Jewish
liveblks,Neighborhood half black
liveasns,Neighborhood half Asian
livehsps,Neighborhood half Hispanic
liveno,Neighborhood half northern white
liveso,Neighborhood half southern white
livewhts,R favors living in half white neighborhood
marjew,Close relative marry Jew
marblk,close relative marry Black person
marasian,Close relative marry Asian
marhisp,Close relative marry Hispanic
marno,Close relative marry no. white
marso,Close relative marry so. white
marwht,R favor close relative marrying white person
workfare,Work to get welfare
lessfare,If less welfare more will work
povzone,Tax breaks for poor areas
povschs,Spend more on poor schools
povcol,Give college aid to poor
blkzone,Tax breaks for black areas
blkschs,Spend more on black schools
blkcol,Give college aid to blacks
racquota,Forbid racial job quotas
influwht,Influence of whites
influjew,Influence of Jews
influblk,Influence of blacks
influasn,Influence of Asians
influhsp,Influence of Hispanics
influso,Influence of so. whites
hspjobs,Hispanics discriminated in jobs
blkjobs,Blacks discriminated in jobs
asnjobs,Asians discriminated in jobs
hsphouse,Hispanics discriminated in housing
blkhouse,Blacks discriminated in housing
asnhouse,Asians discriminated in housing
racwork,Racial makeup of workplace
affact,R's firm has aff. action program
discaff,Whites hurt by aff. action
discwhy1,Personally experienced it
discwhy2,Happened to someone close
discwhy3,Happened at work
discwhy4,Heard about it in media
discwhy5,Heard about it elsewhere
discwhy6,Other sources
genejob,Should employers give genetic tests
genehire,Employers' right to hire by genetic tests
genecanx,Employer test cancer or safeworkplace
genecany,Employers' right to hire by cancertests
genegets,Employer vs. employee on access right to results
profits1,Whether management only care about profit
profits2,Should co. pay workers more than shareholders
unpower,Unions in this country have too little power
unprog,Unions just block economic progress
outofbiz,The organization went out of business
merged,"The org. was merged, taken over"
reorg,There was a major reorganization
orgfin,R's financial situation after org. changes
wrkyears,#Years you have worked for pay since were 16
evunemp,Ever been unemployed two weeks +
numunemp,How many times unemployed more than two weeks
totunemp,Total times unemployed
empyears,Years worked for your present employer
fndjob1,Heard job from one already worked there
fndjob2,Heard job from relatives
fndjob3,Heard job from friends
fndjob4,Heard job from acquaintances
fndjob5,Heard job from newspaper ad
fndjob6,Heard job through employment agency
fndjob7,Heard job from recruiter for this employer
fndjob8,Heard job just came here and asked for work
fndjob9,Heard job other (specify)
skiltest,Before got the job took a skill test
drugtest,Before got the job took a drug and alcohol test
physical,Before got the job took a physical test
ltrsref,Supply letters of reference
samejob,Current job same or different fromfirst job
jobyears,For how long have you had your present job
thisjob1,Heard job from a notices posted my workplace
thisjob2,Heard job through my union
thisjob3,Heard job from my supervisor
thisjob4,Heard job from one of my coworkers
thisjob5,Heard job i near the top of a seniority list
thisjob6,Heard job i was asked to take the new job
thisjob7,Heard job others (specify)
promotng,Procedures for promotion
promoted,Ever promoted by current employer
numpromo,#Promotions have you received
imppromo,Importance of the opportunity to be promoted
futpromo,How likely you will be promoted next five years
sexpromo,Sex makes your promotion different
racpromo,Ethnic background makes your promotion different
advances,"Have you advanced, same level or lost"
jobcntrl,Who makes decision for your job
wrkindep,I can work independently
lottosay,I have a lot to say on my job
idecide,My job allows me make part decisions
automatn,My job is controlled by my machine
monitred,Computers monitor my job performance
offsup,Do you supervise the work of other employees
yousup,How many people do you supervise directly
spwksup,DOES SPOUSE SUPERVISE ANYONE
supothrs,Any people supervised by you supervise others
levels,How many levels of supervision beneath you
totsup,How many people responsible to you
supduty1,You train employees safe use equipment
supduty2,You train employees in other ways
supduty3,You organize schedules or tasks
supduty4,You devise new ways of doing tasks
supduty5,"You check workers' progress, attendance"
supduty6,You evaluate job performance
supduty7,You take promotions or disciplinary actions
othduty1,You train employees safe use equip. not supervise
othduty2,"You train employees in other ways, not supervise"
othduty3,"You organize schedules or tasks, not supervise"
othduty4,"You devise new ways of doing tasks, not supervise"
othduty5,"You check progress or attendance, not supervise"
othduty6,"You evaluate job performance, not supervise"
othduty7,"You promote or discipline actions, not supervise"
orgmoney,Participate in decisions about org's money
totmoney,How much money in the largest of these decisions
youmoney,Largest decision in which you had the final say
jobjudge,Someone evaluate your performance regularly
quantity,How easy your supervisor know how much you do
quality,How easy your supervisor know how good you are
wrkwell,How well youcompare to people do same job
wrkmuch,How much you compare to people do same job
imatter,Success of my org. depends lot on how well i do
helporg,Willing work harder than have to help org.
notloyal,Feel very little loyalty to this org.
stayorg1,Would take any job to keep working for this org.
samevals,My values and the org.'s values are very similar
proudorg,Proud to be working for this org.
stayorg2,Turn down another job for pay to stay this org.
noticed,People usually notice when i do my job well
chngeorg,How likely I'll try to find job in another org.
othpay,"Get commissions, bonuses, tips from main job"
raiseall,All workers regardless of performance got raise
raisehrd,Workers who work hard and perform well got raise
raisefav,Workers have favored relation to boss got raise
fringe1,Medical or hospital insurance
fringe2,Dental care benefits
fringe3,Life insurance
fringe4,Sick leave with full pay
fringe5,Maternity leave with full re-employment rights
fringe6,"Flexible hours, or flextime scheduling"
fringe7,Cash or stock bonuses for performance or merit
fringe8,A pension or retirement program
fringe9,Profit sharing or stock option program
fringe10,Information about child care services in company
fringe11,Assistance with the costs of day care for children
jobvshme,How often your family interfered with your job
unvote,Would you vote for or against having a union
unmanrel,Relations between management and workers
cowrkrel,Relations between coworkers
schoolng,Importance formal school for you job
training,Importance of on-the-job training for you job
learning,Importance of learning from co-workers for you job
exptrain,Importance of different employer training for job
wherewrk,Doing your job in one or several different places
findout,Can find out where you will be working
baseofop,You have base of operations
splocnum,#Of workers at the location your spouse works
standup,Stand up for your own opinion
selfirst,Take care of yourself first before others
richpoor,Ok to get rich even if others poor
opoutcme,Should amer promote eq oppty or eq outcomes?
united,Americans united or divided on values
obtohelp,Obligation to care for ill parent or spouse?
lfegod,Life outcome decided by god
lfegenes,Some with better genes than others
lfesocty,Society gives some head start & holds back others
lfehrdwk,Some people work harder than others
lfechnce,Life is a matter of chance
bigband,Like or dislike bigband music
blugrass,Like or dislike bluegrass music
country,Like or dislike country western music
blues,Like or dislike blues or R and b music
musicals,Like or dislike broadway musicals
classicl,Like or dislike classical music
folk,Like or dislike folk music
gospel,Like or dislike gospel music
jazz,Like or dislike jazz
latin,Like or dislike latin music
moodeasy,Like or dislike easy listening music
newage,Like or dislike new age music
opera,Like or dislike opera
rap,Like or dislike rap music
reggae,Like or dislike reggae music
conrock,Like or dislike contemporary rock music
oldies,Like or dislike oldies rock music
hvymetal,Like or dislike heavy metal music
attsprts,Attended sports event in Lst yr
visitart,Visited art museum or gallery in Lst yr
makeart,Made art or craft object in Lst yr
autorace,Attended auto race in Lst yr
camping,Went camping in Lst yr
garden,Grew vegetables or floweR's in garden in Lst yr
dance,Attended dance perf in Lst yr
gomusic,Attended classical or opera in Lst yr
huntfish,Went hunting or fishing in Lst yr
perform,"Performed music, dance, theater in Lst yr"
dosports,Played sports in Lst yr
seemovie,Went to a movie in Lst yr
usevcr,Used vcr in Lst yr
plymusic,Played a musical instrument in Lst yr
tvshows,How often R watches TV drama or sitcoms
tvnews,How often R watches TV news
tvpbs,How often R watches public TV shows
judgeart,Only a few people can judge art
trstprof,Trust profs judgments in assigning reading
classics,Hs and coll studts read too many classics
grtbooks,Appeal of greatest books is univeR'sal
modpaint,Modern painting is just slapped on
english,Better if English is only language used in school
pclit,Shame tradl amer lit ignored for minority lit
excelart,Artistic excellence found in folk art
hosthome,Uncomf entertaining strangeR's at home
frdcreat,Desir qualities of friend: creative
frdcultr,Desir qualities of friend: cultured
frddynam,Desir qualities of friend: dynamic
frdfun,Desir qualities of friend: fun-loving
frdhonst,Desir qualities of friend: honest
frdintel,Desir qualities of friend: intelligent
frdresp,Desir qualities of friend: responsible
impfinan,Imp to R of financial security
impmar,Imp to R of being married
impkids,Imp to R of having children
impgod,Imp to R of having faith in god
impthngs,Imp to R of having nice things
impcultr,Imp to R of being cultured
impjob,Imp to R of having a fulfilling job
impself,Imp to R of being self-sufficient
mostimp1,Most imp event in Lst 60 yrs
mostimp2,2nd most imp event in Lst 60 yrs
mostimp3,3rd imp event in Lst 60 yrs
mostimp4,4th imp event in Lst 60 yrs
colmajr1,R major in college
colmajr2,R 2nd major in college
hsclass1,R favorite subject in hs
hsclass2,R 2nd favorite subject in hs
malive1,R mother alive
mayrborn,Yr R mother born
mayrdied,Yr R mother died
palive1,R father alive
payrborn,Yr R father born
payrdied,Yr R father died
datesch,Date schooling completed
neverwk,R never worked full-time after school
occfirst,R first occupation
presfrst,Prestige of R first job
wrkslfst,R 1st job: self-employed or no?
indfirst,Industry of R first job
datefrst,Month and yr began first job
alike1,How alike: orange & banana
alike2,How alike: dog & lion
alike3,How alike: eye & ear
alike4,How alike: egg & seed
alike5,How alike: table & chair
alike6,How alike: work & play
alike7,How alike: fly & tree
alike8,How alike: praise & punishment
marnum,R married more than once?
fstspyr,Year first spouse born
fstspedc,Educ of first spouse
fstspdeg,Highest degree of first spouse
fstspped,1st spouse's Father's highest yr of school
fstspmed,1st spouse's Mothers highest yr of school
agewedcr,R's age at current marriage
spyrborn,Birth yr of current spouse
spmarnum,Has current spouse been married before?
spfam16,Did spouse live at home at age 16?
sppaeduc,Highest schl grade spouse's father completed
spmaeduc,Highest schl grade spouse's mother completed
sphedocc,Spouse's Father's occ when spouse was 16
sphedpre,Spouse's Father's occ pres when spouse was 16 (1980)
sphedslf,Spouse's father self-emp when spouse was 16?
sphedind,Spouse's Father's ind when spouse was 16
sphedocc10,Spouse's Father's occ when spouse was 16 (2010)
sphedoccindv,Spouse's Father's occ/ind verbatim retrieved
sphedoccstatus,SPHEDOCC10 coding status
sphedocctag,SPHEDOCC10 coding tag
sphedind10,Spouse's Father's ind when spouse was 16 (2010)
sphedindstatus,SPHEDIND10 coding status
sphedindtag,SPHEDIND10 coding tag
sphedpre10,Spouse's Father's occ pres when spouse was 16 (2010)
sphedpre105plus,Spouse's Father's occ pres when spouse was 16 using threshold method (2010)
spsibs,No of siblings spouse has
kdsex1,Sex of R 1st child
kdsex2,Sex of R 2nd child
kdsex3,Sex of R 3rd child
kdsex4,Sex of R 4th child
kdsex5,Sex of R 5th child
kdsex6,Sex of R 6th child
kdsex7,Sex of R 7th child
kdsex8,Sex of R 8th child
kdsex9,Sex of R 9th child
kdyrbrn1,Birth year of R 1st child
kdyrbrn2,Birth year of R 2nd child
kdyrbrn3,Birth year of R 3rd child
kdyrbrn4,Birth year of R 4th child
kdyrbrn5,Birth year of R 5th child
kdyrbrn6,Birth year of R 6th child
kdyrbrn7,Birth year of R 7th child
kdyrbrn8,Birth year of R 8th child
kdyrbrn9,Birth year of R 9th child
kdrel1,R relation to R 1st child
kdrel2,R relation to R 2nd child
kdrel3,R relation to R 3rd child
kdrel4,R relation to R 4th child
kdrel5,R relation to R 5th child
kdrel6,R relation to R 6th child
kdrel7,R relation to R 7th child
kdrel8,R relation to R 8th child
kdrel9,R relation to R 9th child
kdalive1,R 1st child alive?
kdalive2,R 2nd child alive?
kdalive3,R 3rd child alive?
kdalive4,R 4th child alive?
kdalive5,R 5th child alive?
kdalive6,R 6th child alive?
kdalive7,R 7th child alive?
kdalive8,R 8th child alive?
kdalive9,R 9th child alive?
kdeduc1,Highest schl grade of R 1st child
kdeduc2,Highest schl grade of R 2nd child
kdeduc3,Highest schl grade of R 3rd child
kdeduc4,Highest schl grade of R 4th child
kdeduc5,Highest schl grade of R 5th child
kdeduc6,Highest schl grade of R 6th child
kdeduc7,Highest schl grade of R 7th child
kdeduc8,Highest schl grade of R 8th child
kdeduc9,Highest schl grade of R 9th child
kdpicked,Number of child randomly chosen
kdwork1,Does R child do paid work?
kdwork2,Does R child do paid or unpaid work?
kdevwork,Did R child work for 1 or more yr?
kdocc80,R child census occupation code (1980)
kdpres80,R child occupational prestige score (1980)
kdwrkslf,R child self-employed?
kdind80,R child industry code (1980)
kdocc10,R child census occupation code (2010)
kdoccindv,Kid's occ/ind verbatim retrieved
kdoccstatus,KDOCC10 coding status
kdocctag,KDOCC10 coding tag
kdind10,R child census industry code (2010)
kdindstatus,KDIND10 coding status
kdindtag,KDIND10 coding tag
kdpres10,R child occupational prestige score (2010)
kdpres105plus,R child occupational prestige score using threshold method (2010)
sbsex1,Sex of R 1st sibling
sbsex2,Sex of R 2nd sibling
sbsex3,Sex of R 3rd sibling
sbsex4,Sex of R 4th sibling
sbsex5,Sex of R 5th sibling
sbsex6,Sex of R 6th sibling
sbsex7,Sex of R 7th sibling
sbsex8,Sex of R 8th sibling
sbsex9,Sex of R 9th sibling
sbyrbrn1,Birth year of R 1st sibling
sbyrbrn2,Birth year of R 2nd sibling
sbyrbrn3,Birth year of R 3rd sibling
sbyrbrn4,Birth year of R 4th sibling
sbyrbrn5,Birth year of R 5th sibling
sbyrbrn6,Birth year of R 6th sibling
sbyrbrn7,Birth year of R 7th sibling
sbyrbrn8,Birth year of R 8th sibling
sbyrbrn9,Birth year of R 9th sibling
sbrel1,R relation to R 1st sibling
sbrel2,R relation to R 2nd sibling
sbrel3,R relation to R 3rd sibling
sbrel4,R relation to R 4th sibling
sbrel5,R relation to R 5th sibling
sbrel6,R relation to R 6th sibling
sbrel7,R relation to R 7th sibling
sbrel8,R relation to R 8th sibling
sbrel9,R relation to R 9th sibling
sbalive1,R 1st sibling alive?
sbalive2,R 2nd sibling alive?
sbalive3,R 3rd sibling alive?
sbalive4,R 4th sibling alive?
sbalive5,R 5th sibling alive?
sbalive6,R 6th sibling alive?
sbalive7,R 7th sibling alive?
sbalive8,R 8th sibling alive?
sbalive9,R 9th sibling alive?
sbpicked,Number of sibling randomly chosen
sbeduc,Highest schl grade of selected R sibling
sbdeg,Highest schl grade of selected R sibling
sbwork1,Does R sibling do paid work?
sbwork2,Does R sibling do paid or unpaid work?
sbevwork,Did R sibling work for 1 or more yr?
sbocc80,R sibling census occupation code (1980)
sbpres80,R sibling occupational prestige score (1980)
sbwrkslf,R sibling self-employed?
sbind80,R sibling industry code (1980)
sbocc10,R sibling census occupation code (2010)
sboccindv,Sibling's occ/ind verbatim retrieved
sboccstatus,SBOCC10 coding status
sbocctag,SBOCC10 coding tag
sbind10,R sibling industry code (2010)
sbindstatus,SBIND10 coding status
sbindtag,SBIND10 coding tag
sbpres10,R sibling occupational prestige score (2010)
sbpres105plus,R sibling occupational prestige score using threshold method (2010)
ethid,R American vs ethnic identity
amissue,Degree R invokes just American identity
ethissue,Degree R invokes ethnic identity
ethid1,R primary identity as ethnic or American
amissue1,Degree R invokes primary identity as American
ethissu1,Degree R invokes primary identity as ethnic
amrank,American quality of life vs other indus. nations
amproud,R pride in being American
meltpot,R attitude toward mixing cultures in us
gvtapart,Should govt policy maintain distinct cultures
gvtmelt,Should govt help blend cultures
ethorgs,Do ethnic orgs promote separatism
ethspkok,Allow free speech offensive to ethnic groups
ethspkno,Ban opinions harmful to other groups
symptblk,R feel sympathy towards blacks
admirblk,R express admiration for blacks
bilinged,Support or oppose bilingual education
engteach,Opinion on teaching classes only in English
engballt,Attitude toward printing ballots only in English
engoffcl,Favor law making English the official language
letin,Increase or decrease immigrants to us
hspasn10,Change in ethnic status in local community
immecon,Will immigrants lead to economic growth
immunemp,Will immigrants fuel unemployment
immunite,Will immigrants affect national unity
immfare,Immigrants eligible for govt assistance?
undocwrk,Should illegal immigrants get work permits?
undoccol,Illegal immigrants access to public univeR'sities?
undockid,Us citizenship for children of illegal immigrants
immpush,Are immigrants demanding too many rights?
immwrkup,Should immigrants overcome bias without help
colaff,Chance blacks get to college ahead of whites
colaffy,Chance whites excluded from college over blacks
discaffy,Chance blacks promoted ahead of whites
jobaff,Favor preferences in hiring blacks
owneth,Do ethic politicians serve ethnic groups better
congeth,Should ethnic congressmen represent ethnic groups
teacheth,Ethnicity of college faculty reflect students
schleth,Ethnicity or professional schools mirror students
ethhist,Minority history adequately taught in school
whoteach,Should only minorities teach minority history
whtgovt,Do whites get proper govt attention
blkgovt,Do blacks get proper govt attention
hspgovt,Do Hispanic-Americans get proper govt attention
asngovt,Do Asian-Americans get proper govt attention
wlthimm,Are legal immigrants rich or poor
wlthundc,Are illegal immigrants rich or poor
workimm,Are legal immigrants hard working
workundc,Are illegal immigrants hard working
obrespct,Teach children respect for authority and obedience
econpast,Has national economy improved last year
pastup,Degree of improvement in national economy
pastdown,Degree national economy has gotten worse
econfutr,Predictions for national economy in next year
futrup,Degree economy will improve in next year
futrdown,Degree economy will get worse over next year
rdiscaff,Chances family member not promoted for other race
rimmdisc,Chances illegal immigrants favored over family
romance,Do you have a main romantic involvement
livewith,Do you live together?
haprom,Describe your romantic relationship?
willwed1,How likely you two will get married?
willwed2,If right person would you marry?
hapgirls,Girls' chances for a happy family life
hapboys,Boys' chances for a happy family life
fejobaff,For or against preferential hiring of women
tradmod,Man alone-both responsible for providing income
sharesep,Man and woman do things together-separate
emoteoth,Man and woman emotionally dependent-independent
rhmewrk,How much housework R does
sphmewrk,How much housework r's spouse does
fairhwrk,Division of work unfair to you or spouse
earnmore,Who earns more money?
famlife,How successful in family life
worklife,How successful in work life
balwkfam,How successful balancing work & family
refpromo,Refuse a job promotion?
refmorwk,Take on additional paid work?
refxhour,Refuse to work overtime or extra hours?
workless,Cut back on your work?
noathome,Miss a family occasion or holiday?
nonurse,Unable to care for a sick child-relative?
nohmewrk,Unable to do the work around the house?
discaffm,A man won't get a job or promotion
discaffw,A woman won't get a job or promotion
flextime,Allow workers more flexible hours
parleave,Offer paid time off to new parents.
menben,Men benefit from traditional family
womenben,Women benefit from traditional family
chldben,Children benefit from traditional family
allben,Everyone benefit from traditional family
nooneben,No one benefit from traditional family
menhrt,Men hurt from traditional family
womenhrt,Women hurt from traditional family
chldhrt,Children hurt from traditional family
allhrt,Everyone hurt from traditional family
noonehrt,No one hurt from traditional family
feless1,How important men work harder explain
feless2,How important women's family responsibilities
feless3,How important give men better paying jobs
fekids1,How important women biologically better-suited
fekids2,How important women are taught from childhood
fekids3,How important the way society is set up
fekids4,How important men have more freedom
fekids5,How important it is god's will
mebear,Can husband refuse to sire children
fehire,Should hire and promote women
feminist,Think yourself as a feminist?
fenews,How often pay attention to women issues
hmemaker,Full-time homemakeR's lives improved
wrkclass,Working-class women's lives improved
manprof,Professional women's lives improved
men,Men's lives improved
children,Children's lives improved
yourself,R's life improved
shakeblu,Felt that couldn't shake the blues?
calm,Felt calm?
outraged,Felt outraged at something somebody
hapfeel,Felt happy?
sad,Felt sad?
ashamed,Felt ashamed of something you'd done?
excited,Felt excited or interested in something?
lonely,Felt lonely?
fearful,Felt fearful about something
ovrjoyed,Felt overjoyed about something?
worried,Felt worried?
contentd,Felt contented?
anxious,Felt anxious and tense?
restless,Felt restless?
madat,Felt mad at something or someone?
atease,Felt at ease?
angry,Felt angry at someone?
embarrss,Felt embarrassed about something?
proud,Felt proud of something you'd done?
noplan,There's no sense planning a lot
badbrks,Most of my problems are due to bad breaks.
mostluck,Good things are mostly luck.
litcntrl,I have little control over the bad things
showangr,When i'm angry i let people know.
showfeel,I'm not afraid to show my feelings.
noemote,I keep my emotions to myself.
notupset,Don't tell friends something upsetting
beplesnt,I try to be pleasant so not to upset oth.
notworry,"When anxious, try not to worry anyone else."
angrywrk,Last time R felt really angry
angryfam,Last time R felt really angry
angrygvt,Last time R felt really angry
angrywhy,Last time R felt really angry
angryev,Was an event recalled?
whnangry,How long ago did this event happen?
madat1,Angry at my husband-wife etc
madat2,Angry at son
madat3,Angry at daughter
madat4,Angry at mother
madat5,Angry at father
madat6,Angry at sister
madat7,Angry at brother
madat8,Angry at another family member
madat9,Angry at a friend
madat10,Angry at an acquaintance
madat11,Angry at a neighbor
madat12,Angry at my boss
madat13,Angry at a co-worker
madat14,Angry at subordinate
madat15,Angry at a customer or client
madat16,Angry at someone else at work
madat17,Angry at government employee
madat18,Angry at someone to provide a service
madat19,Angry at public figure
madat20,Angry at stranger (include crowds)
madat21,Angry at self
madat22,"Angry at an object, circumstances, etc"
madat23,Angry at other
howangry,How intense would you say your anger was
angrlast,How long did your anger last?
thnkangr,How often thought about this situation
chnang1,Think about the situation
chnang2,Had a drink or took a pill
chnang3,Talked to the person i was angry at
chnang4,Talked to someone else
chnang5,Tried to forget it
chnang6,Tried to change the situation
chnang7,Prayed for help from god
chnang8,Fantasized about a magical solution
chnang9,Went out to get some exercise
chnang10,Yelled or hit something
chnang11,Waited for feelings to pass
chnang12,Tried to accept the situation
chnang13,Left the situation
chnang14,Thought about how to get revenge
chnang15,Planned how to end the relationship
chnang16,Other (specify)
reactok,Did R feel reaction was appropriate
othresp,How reSP. person who you were angry at?
selfresp,How reSP. do you feel for the situation?
likeoth,How much do you like or dislike the person
amimp,How important is being an American to you
notam,"If not American, how much change"
usworry,How often do you feel worried for us?
ussat,Thinking us how often feel satisfied
usfrustr,Thinking us how often feel frustrated?
usenthus,Thinking us how often feel enthusiastic?
usangry,Thinking us how often feel angry
ushopefl,Thinking us how often feel hopeful?
usupset,Thinking us how often feel upset?
carprivt,Have you purchased a used car past 5 yrs?
relprivt,Relationship to the seller of the vehicle
warrntyc,Did the seller provide a warranty?
cardealr,Purchased a car from a dealership past 5 yrs?
newused,Was the car new or used?
typdealr,Rwas the agency a new or used car dealeR'ship?
carbuya,R's own previous knowledge made R buy
carbuyb,A friend or relative recommended R buy
carbuyc,An acquaintance recommended R buy
carbuyd,General reputation made R buy
carbuye,R saw their advertisement
carbuyf,R searched for the best price
carbuyg,Convenience made R buy
carbuy1,What was the most important reason?
reldealr,R relationship to the salesperson
satcar,How satisfied are you with your purchase?
evbuyhme,Have you ever purchased a home
homeyear,Rmost recent home you have purchased.
learnhme,How learned the availability of the home
newowned,Was the home new or previously owned?
relhome,Relationship to the previous owner of the home
whosold,Describe your purchase
realtora,R's own previous knowledge made R choose
realtorb,A friend-relative recommended R choose
realtorc,An acquaintance recommended R choose
realtord,General reputation made R choose
realtore,I saw their advertisement made R choose
realtorf,Convenience made R choose the realtor
realtor1,What was the most important reason?
relagent,Your relationship to the real estate agent
warrntyh,Did the seller provide any warranty
sathome,How satisfied with your purchase
lawyer,Hired a lawyer in the past 10 yrs?
lawyera,My own previous knowledge of the firm
lawyerb,A friend or relative recommended them
lawyerc,An acquaintance recommended them.
lawyerd,General reputation in the community
lawyere,I saw their advertisement
lawyerf,I searched for the best price.
lawyerg,Convenience
lawyer1,What was the most important reason?
rellaw,Relationship to the attorney
satlawyr,How satisfied with the legal services
fixhome,Home maintenance services past 10 years?
fixera,My own previous knowledge of the firm
fixerb,A friend or relative recommended them
fixerc,An acquaintance recommended them.
fixerd,General reputation in the community
fixere,I saw their advertisement
fixerf,I searched for the best price
fixer1,What was the most important reason?
relfixer,Relationship to the person who did the work
satfixes,How satisfied were you with the work
borrowed,Have you borrowed $100+ from another person
wholoand,From whom did you borrow this money?
sellbed,Would you rather sell bedroom furniture
sellauto,O would you rather sell an automobile
sellhome,E would you rather sell a house-condominium
transoth,Hwould you be to mention problems
loaned,Loaned $100+ past 12 months?
loanedto,Oto whom did you lend this money?
buybed,Would you buy furniture from a business
buyauto,Would you buy a car from a business
buylaw,Would you buy legal svcs from a business
buyfixes,Would you buy home maintenance from a business
buyhome,Would you buy a house from a business
transrel,How likely to mention problems to relatives
frnddeal,People usually get a better price from friends
frndawk,Discussing price is awkward among friends
tablprce,The factory not lowering price acceptable?
organsb,Which procedures be used to assign the organ
organsw,Which of these procedures would be the worst?
sellorgn,Should people be permitted to sell a kidney
adoption,Best way to match birth Mothers with adopters?
sellbaby,Surrogate Mothers should be permitted
sellsex,Nothing inherently wrong with prostitution
reqinfo,Resp. of gov. to require biz. to provide info
natrecon,Natural environments should be left alone
tagsales,How frequently do you go to garage sales etc
haggle,Do you expect to negotiate for a lower price?
wkfambiz,Work for pay in a farm etc owned by your family?
hrfambiz,How many hours per week?
fambiz,What kind of business is this?
econsys,Best-needs replaced
famfinan,How you and your spouse organize your finances
decauto,Deciding whether or not to buy an automobile
decbed,Deciding whether or not to buy bedroom furniture
decgift,Deciding on major charitable gifts.
layoffs,Who has the greatest right to keep their jobs?
volhlth,Done volunteer work in health past 12 mnths
voleduc,Done volunteer work in education
volrelig,Done volunteer work in religious org
volhuman,Done volunteer work in human services
volenvir,Done volunteer work in environment
volpub,Done volunteer work in pub-soc benefit
volrec,Done volunteer work in recreation adults
volart,"Done volunteer work in arts, culture, etc"
volwork,Done volunteer work in work-related org
volpol,Done volunteer work in political org. etc
volyouth,Done volunteer work in youth development
volfound,Done volunteer work in priv & comm. found
volintl,Done volunteer work in international
volinfrm,Done volunteer work in informal-alone
voloth,Done volunteer work in other (specify)___
monhlth,Done volunteer work in health past month
moneduc,Done volunteer work in education
monrelig,Done volunteer work in religious org
monhuman,Done volunteer work in human services
monenvir,Done volunteer work in environment
monpub,Done volunteer work in pub-soc benefit
monrec,Done volunteer work in recreation adults
monart,"Done volunteer work in arts, culture, etc"
monwork,Done volunteer work in work-related org
monpol,Done volunteer work in political org. etc
monyouth,H done volunteer work in youth development
monfound,Done volunteer work in priv & comm. found
monintl,Done volunteer work in international
moninfrm,Done volunteer work in informal-alone
monoth,Done volunteer work in other (specify)
hrshlth,How many hours spent in health past month
hrseduc,How many hours spent in education
hrsrelig,How many hours spent in religious org past
hrshuman,How many hours spent in human services
hrsenvir,How many hours spent in environment
hrspub,How many hours spent in pub-soc benefit
hrsrec,How many hours spent in recreation adults
hrsart,"How many hours spent in arts, culture"
hrswork,How many hours spent in work-related org
hrspol,How many hours spent in political org. etc
hrsyouth,How many hours spent in youth development
hrsfound,How many hours spent in priv & comm.
hrsintl,How many hours spent in international
hrsinfrm,How many hours spent in informal-alone
hrsoth,How many hours spent in other (specify)
givhlth,Contributed money in 1995 in health
giveduc,Contributed money in education
givrelig,Contributed money in religious org
givhuman,Contributed money in human services
givenvir,Contributed money in environment
givpub,Contributed money in pub-soc benefit
givrec,Contributed money in recreation adults
givart,"Contributed money in arts, culture, etc"
givwork,Contributed money in work-related org
givpol,Contributed money in political org. etc
givyouth,Contributed money in youth development
givfound,Contributed money in priv & comm. found
givintl,Contributed money in international
givinfrm,Contributed money in informal-alone
givoth,Contributed money in other (specify)
tothlth,How much money contributed in health
toteduc,How much money contributed in education
totrelig,How much money contributed in religious org
tothuman,How much money contributed in human services
totenvir,How much money contributed in environment
totpub,How much money contributed in pub-soc benefit
totrec,How much money contributed in recreation adults
totart,"How much money contributed in arts, culture, etc"
totwork,How much money contributed in work-related org
totpol,How much money contributed in political org. etc
totyouth,How much money contributed in youth development
totfound,How much money contributed in priv & comm. found
totintl,How much money contributed in international
totinfrm,How much money contributed in informal-alone
tototh,How much money contributed in other (specify)
valhlth,Estimated value contributed in health
valeduc,Estimated value contributed in education
valrelig,Estimated value contributed in religious org
valhuman,Estimated value contributed in human services
valenvir,Estimated value contributed in environment
valpub,Estimated value contributed in pub-soc benefit
valrec,Estimated value contributed in recreation adults
valart,"Estimated value contributed in arts, culture, etc"
valwork,Estimated value contributed in work-related org
valpol,Estimated value contributed in political org. etc
valyouth,Estimated value contributed in youth development
valfound,Estimated value contributed in priv & comm. found
valintl,Estimated value contributed in international
valinfrm,estimated value contributed in informal-alone
valoth,Estimated value contributed in other (specify)
homeless,Contributed to the homeless
needynei,Contributed to a needy neighbor.
needyrel,Contributed to a needy relative.
needyfrd,Contributed to a needy friend.
needyoth,Contributed to other needy person
probfix1,First mention of problem
probfix2,Second mention of problem
probfix3,Third mention of problem
probhlp1,First mention to help problem
probhlp2,Second mention to help problem
probhlp3,Third mention to help problem
vigversn,vignette version number
seriousp,How serious X s situation is
charactr,How likely X s situation caused by bad character
imbalnce,How likely X s situation caused by imbalance in brain
wayraise,How likely X s situation caused by the way raised
stresses,How likely X s situation caused by stress
genetics,How likely X s situation caused by genetic problem
godswill,How likely X s situation caused by god s will
upsdowns,How likely X is experiencing normal ups-and-downs of life
breakdwn,How likely X is experiencing nervous breakdown
mentlill,How likely X is experiencing mental illness
physill,How likely X is experiencing physical illness
viglabel,How likely X is experiencing vignettes
dectreat,How able is X to decide receive treatment
decmoney,How able is X to decide managing own money
imprvown,How likely X s situation will improve on its own
imprvtrt,How likely X s situation will improve with treatment
vignei,How willing R would have X as a neighbor
vigsoc,How willing R would spend time socializing with X
vigfrnd,How willing R would make friends with X
vigwork,How willing R would work closely with X on a job
viggrp,How willing R would have a group home for x
vigmar,How willing R would have X marry in R's family
hurtoth,How likely X violent toward other people
hurtself,How likely X violent toward oneself
tlkfam,X should talk to family and friends
tlkclrgy,X should talk to religious leader
meddoc,X should go to general medical doctor for help
mentldoc,X should go to psychiatrist for help
mentloth,X should go to other mental health professional for help
sphealer,X should go to spiritual healer for help
selfhelp,X should join a self-group with similar problem
otcmed,X should take non-prescription medication
rxmed,X should take prescription medication
mentlhos,X should check into a mental hospital
dofirst,Here are the things you said {#SecL_NAME} should do...  INTERVIEWER: READ LIST
ortlkfm,In what order talk things over with family & friends
ortlkclr,"In what order talk to a minister, priest, rabbi etc"
ormeddoc,In what order go to a general medical doctor
ormntldc,In what order go to a psychiatrist for help
ormntlot,"In what order go to a therapist, or counselor"
orhealer,In what order go to a spiritual or a natural healer
orslfhlp,In what order join a self-help group
orotcmed,In what order take non-prescription medication
orrxmed,In what order take prescription medication
ormntlhs,In what order check into a mental hospital
mustdoc,X should be forced to be examined at a clinic by law
mustmed,X should be forced to take prescribed medication by law
musthosp,X should be admitted to be hospitalized for treatment by law
dangrslf,X should be admitted to be hospitalized for treatment if dangerous to x
dangroth,X should be admitted to be hospitalized for treatment if dangerous to others
medcare1,Who R thinks should be most responsible for cost of xs medical care
medcare2,Who R thinks should be next most responsible for cost of xs medical care
spmentl,Govt spending on health
govmentl,Should govt provide health care for mental illness
mntlas1,"1st mention, what mental illness is, asserted"
mntlas2,"2nd mention, what mental illness is, asserted"
mntlimp1,"1st mention, what mental illness is, imputed"
mntlimp2,"2nd mention, what mental illness is, imputed"
mntlimp3,"3rd mention, what mental illness is, imputed"
mntlsym1,"1st mention, what mental illness is, symptoms"
mntlsym2,"2nd mention, what mental illness is, symptoms"
mntlsym3,"3rd mention, what mental illness is, symptoms"
mntloth,"What mental illness is, other codes"
brkdas1,"1st mention, what nervous breakdown is, asserted"
brkdas2,"2nd mention, what nervous breakdown is, asserted"
brkdimp1,"1st mention, what nervous breakdown is, imputed"
brkdimp2,"2nd mention, what nervous breakdown is, imputed"
brkdimp3,"3rd mention, what nervous breakdown is, imputed"
brkdsym1,"1st mention, what nervous breakdown is, symptoms"
brkdsym2,"2nd mention, what nervous breakdown is, symptoms"
brkdsym3,"3rd mention, what nervous breakdown is, symptoms"
brkdoth,"What nervous breakdown is, other codes"
knwmhosp,Know anyone who was in a hospital
relmhsp1,Patient was self
relmhsp2,Patient was immediate family
relmhsp3,Patient was other relatives
relmhsp4,Patient was close friend
relmhsp5,Patient was acquaintance
relmhsp6,Patient was other
knwpatnt,Known anyone seeing a psychologist etc?
evbrkdwn,Ever felt going to have a nervous breakdown?
brkdwhy1,1st mention cause of ner. break feelings
brkdwhy2,2nd mention cause of ner. break feelings
brkdwhy3,3rd mention cause of ner. break feelings
brkddo1,1st mention what R did when felt ner. break
brkddo2,2nd mention what R did when felt ner. break
brkddo3,3rd mention what R did when felt ner. break
brkdhlp1,1st mention what help R sought
brkdhlp2,2nd mention what help R sought
brkdhlp3,3rd mention what help R sought
brkdtime,When feelings of nervous breakdown happened
brkddur,"Duration, severity of nervous breakdown feelings"
evmhp,Ever had mental health problem
mnilwhy1,1st mention cause of mental illness feelings
mnilwhy2,2nd mention cause of mental illness feelings
mnilwhy3,3rd mention cause of mental illness feelings
mnildo1,1st mention what R did when felt mental illness
mnildo2,2nd mention what R did when felt mental illness
mnildo3,3rd mention what R did when felt mental illness
mnilhlp1,1st mention what help R sought
mnilhlp2,2nd mention what help R sought
mnilhlp3,3rd mention what help R sought
mniltime,When feelings of mental illness happened
mnildur,"Duration, severity of feelings of mental illness"
knwmw1,Gender Identity of Person 1
knwmw2,Gender Identity of Person 2
knwmw3,Gender Identity of Person 3
knwmw4,Gender Identity of Person 4
knwmw5,Gender Identity of Person 5
mhp1r1,Relation to Person 1 (1st mentioned)
mhp1r2,Relation to Person 1 (2nd mentioned)
mhp2r1,Relation to Person 2 (1st mentioned)
mhp2r2,Relation to Person 2 (2nd mentioned)
mhp3r1,Relation to Person 3 (1st mentioned)
mhp3r2,Relation to Person 3 (2nd mentioned)
mhp4r1,Relation to Person 4 (1st mentioned)
mhp4r2,Relation to Person 4 (2nd mentioned)
mhp5r1,Relation to Person 5 (1st mentioned)
mhp5r2,Relation to Person 5 (2nd mentioned)
closeto1,How close R is to Person 1
closeto2,How close R is to Person 2
closeto3,How close R is to Person 3
closeto4,How close R is to Person 4
closeto5,How close R is to Person 5
seetalk1,How frequently R sees or talks to Person 1
seetalk2,How frequently R sees or talks to Person 2
seetalk3,How frequently R sees or talks to Person 3
seetalk4,How frequently R sees or talks to Person 4
seetalk5,How frequently R sees or talks to Person 5
mhtreat1,Is Person 1 currently receiving treatment for their mental health problem
mhtreat2,Is Person 2 currently receiving treatment for their mental health problem
mhtreat3,Is Person 3 currently receiving treatment for their mental health problem
mhtreat4,Is Person 4 currently receiving treatment for their mental health problem
mhtreat5,Is Person 5 currently receiving treatment for their mental health problem
myprobs1,How much Person 1's mental health condition causes R problems
myprobs2,How much Person 2's mental health condition causes R problems
myprobs3,How much Person 3's mental health condition causes R problems
myprobs4,How much Person 4's mental health condition causes R problems
myprobs5,How much Person 5's mental health condition causes R problems
severe1,How severe Person 1's mental health problem is
severe2,How severe Person 2's mental health problem is
severe3,How severe Person 3's mental health problem is
severe4,How severe Person 4's mental health problem is
severe5,How severe Person 5's mental health problem is
dangoth1,How dangerous R thinks Person 1 is to others
dangoth2,How dangerous R thinks Person 2 is to others
dangoth3,How dangerous R thinks Person 3 is to others
dangoth4,How dangerous R thinks Person 4 is to others
dangoth5,How dangerous R thinks Person 5 is to others
dangslf1,How dangerous R thinks Person 1 is to themself
dangslf2,How dangerous R thinks Person 2 is to themself
dangslf3,How dangerous R thinks Person 3 is to themself
dangslf4,How dangerous R thinks Person 4 is to themself
dangslf5,How dangerous R thinks Person 5 is to themself
fammhneg,R's family's negative attitudes about MH problems
othmhneg,R's other acquaintences negative attitudes about MH problems
diagnosd,R ever diagnosed with MH problem
mhtreatd,R ever treated for MH problem
mcsds1,I’m always willing to admit it when I make a mistake
mcsds2,I sometimes try to get even rather than forgive and forget
mcsds3,At times I have really insisted on having things my own way
mcsds4,I have never been irked when people expressed ideas very different from my own
mcsds5,I have never deliberately said something that hurt someone’s feelings
mcsds6,I like to gossip at times
mcsds7,There have been occasions when I took advantage of someone
privpray,How often pray privately
meditate,How often meditate
conghlp1,How much congregation help out with ill
conghlp2,How much congregation help out with prob
conghrm1,How often congregation make too much demand
conghrm2,How often congregation critical of things R do
cope1,Think about life is part of larger force
cope2,Work together with god as partner's
cope3,Look to god for strength & support
cope4,Feel god is punishing for sin
cope5,Wonder whether god has abandoned me
cope6,Try to make sense without relying on god
godwatch,Believe in god who watch over me
lesspain,Feel deep sense of resp for reducing pain
rellife,Try to carry beliefs into other dealings
forgive1,Have forgiven self for mistakes
forgive2,Have forgiven those who hurt me
forgive3,Know that god forgives me
feelgod,Feel gods presence
relcmfrt,Find strength and comfort in religion
harmony,Feel deep inner peace or harmony
uniongod,Desire to be closer to god
godlove,Feel gods love directly or thru others
beausprt,Spiritually touched by beauty creation
nocheer,In past 30 days feel sad
nervous,In past 30 days feel nervous
fidgety,In past 30 days feel restless or fidgety
hopeless,In past 30 days feel hopeless
effort,In past 30 days feel everything thing effort
wrthless,In past 30 days feel worthless
lotr1,In uncertain times I usually expect best
lotr2,If something can go wrong for me it will
lotr3,I'm always optimistic about my future
lotr4,I hardly ever expect things to go my way
lotr5,I rarely count on good things happening to me
lotr6,I expect more good things to happen to me than bad
hope1,I could get out of a jam
hope2,I am energetically pursuing my goals
hope3,There are many ways around problems i face
hope4,I see myself as successful
hope5,I can think of many ways to reach my current goals
hope6,I am meeting my current goals
relpersn,R consider self a religious person
sprtprsn,R consider self a spiritual person
relexp,Have religious experience changed life
natarts,Spending right amount on arts
artgod,Thru art and music we come closer to god
artists,Excellent artists able support themselves
irrelart,Should allow art to mock or demean religion
irreloff,Offended art mocks or demeans religion
aimofart,Aim of art
readfict,Read novels poems or plays
popmusic,Went to a live performance of popular music
drama,Went to a live drama
relart,Had experience of art at place of worship
volarts,Volunteered for organizations of arts
natlart,Feel fed gov should provide assistance to art
stateart,Feel state gov should provide assistance to art
localart,Feel local gov should provide assistance to art
prfmnce,Did R go to a performance in last 12 months
artexbt,Did R go to an art exhibit in last 12 months
prfmmus,Was it a music performance
prfmdan,Was it a dance performance
prfmthe,Was it a theater performance
prfmatt,Did R attend alone or with others
prfmatt1,Attended with spouse or partner
prfmatt2,Attended with child
prfmatt3,Attended with friend
prfmatt4,Attended with relative
prfmatt5,Attended with other
prfmfree,Was performance attended free
prfmwhy1,Imp of low cost in decision to attend performance
prfmwhy2,Imp of wanting to experience high quality art in decision to attend perf
prfmwhy3,Imp of wanting to socialize with friends or fam in decision to attend perf
prfmwhy4,Imp of wanting to celebrate cultural heritage in decision to attend perf
prfmwhy5,Imp of wanting to support community in decision to attend perf
prfmwhy6,Imp of wanting to learn in decision to attend perf
prfmwhy7,Imp of location in decision to attend perf
prfmwhy8,Imp of specific individ performer in decision to attend perf
prfmwhy9,Was there another major reason in decision to attend perf
prfmwhy0,Other major reason in decision to attend perf
artatt,Attended exhibit alone or with others
artatt1,Attended with spouse or partner
artatt2,Attended with child
artatt3,Attended with friend
artatt4,Attended with relative
artatt5,Attended with other
artfree,Was exhibit attended free
artwhy1,Imp of low cost in decision to attend exhibit
artwhy2,Imp of wanting to experience high quality art in decision to attend exhibit
artwhy3,Imp of wanting to socialize with friends or fam in decision to attend exhibit
artwhy4,Imp of wanting to celebrate cultural heritage in decision to attend exhibit
artwhy5,Imp of wanting to support community in decision to attend exhibit
artwhy6,Imp of wanting to learn in decision to attend exhibit
artwhy7,Imp of location in decision to attend exhibit
artwhy8,Was there another major reason in decision to attend exhibit
artwhy9,Other major reason in decision to attend
nogo,Perf or exhibit R wanted to go to in past 12 months but did not
nogo1,Performance or exhibit
prfmcost,Did not go due to cost
prfmint,Did not go since not of interest
prfmtrvl,Did not go because too dificult to get there
prfmgst,Did not go because couldn't find anyone to go with
prfmtime,Did not go due to lack of time
prfmloc,Did not want to go to that location
prfmothr,Other reason why did not go
prfmothr1,Other reason why did not go
artcost,Did not go due to cost
artint,Did not go since not of interest
arttrvl,Did not go because too dificult to get there
artgst,Did not go because couldn't find anyone to go with
arttime,Did not go due to lack of time
artloc,Did not want to go to that location
artothr,Other reason why did not go
prfmmostoth,Most imp factor in not attending performance
artmostoth,Most imp factor in not attending art exhibit
occyrs,How many years in your occupation
occtrain,Gone thru specialized training
trainsch,How many years spent on training
typeorg,Work in independent or part of larger org
wrkoth,Ever worked full time at other parts of org
othyrs,Years worked full time at other parts of org
partorg,In what ways part of the larger org
orgsize,How many people employed in the entire org
genderwk,Mostly men or women at the workplace
locyrs,How long have worked at this location
samework,Worked at other site with similar product
siteyrs,How long have worked for those sites
otjtrain,Received any on-the-job training
formltrn,Did it include formal training course
formlfin,Have you finished all the courses
formldys,The number of days in formal training
formlhrs,The number of hrs in formal training
doingtrn,Include informal learning by doing
doingfin,Have completed this on-the-job training
doingdys,How long spent on learning by doing
wojob,Since 1st job ever been without a job
wojobyrs,How many years without a job
numemp,For how many employers ever worked full time
howpaid,How get paid last week
hourly,What is your hoURLy wage before tax
daily,What is your daily wage before tax
weekly,What is your weekly wage before tax
monthly,What is your monthly wage before tax
yearly,What is your yearly wage before tax
trusting,Most people can be trusted
seenmntl,You or anyone you know seen a psychiatrist
psycmed1,Psychiatric medicine is harmful to the body
psycmed2,People should stop taking if symptoms gone
psycmed3,Taking these medicine interferes w daily act
psycmed4,Helps people deal w day to day stresses
psycmed5,Makes things easier in relations
psycmed6,These medications help control symptoms
psycmed7,Helps people feel better about themselves
usepsyc1,Will take medicine because personal trouble
usepsyc2,Will take medicine because cant cope w stress
usepsyc3,Will take medicine because feeling depressed
usepsyc4,Will take medicine because intense fear
psyckid1,Will give kid med because kid is hostile
psyckid2,Will give kid med because school trouble
psyckid3,Will give kid med because kid talked suicide
psycdrct,Prefer go directly to a mental health spec
psycfdoc,Would trust family physician prescription
psycpsyc,Only trust psychiatrist prescription
hlthinsr,Have health insurance
doclist,Use a directory list for health care plan
anydoc,Can choose any doctor i like
swithlth,Ever switched plan medical care provider
usedmntl,Have sought care with mental health since plan
mntlcare,Were able to get mental health care
mntldif,How difficult to get mental health care
mntldeny,Ever denied services under plans package
hmo1,HMO improves the quality of care
hmo2,HMO prevent doctors from prescribing tests
hmo3,HMO help to control costs
hmo4,HMO prevent people from getting needed care
hmo5,HMO damage trust btwn doctors and patients
hmo6,HMO take medical decisions from physicians
hmo7,HMO make emotional mental prblm more difficult
doc1,Doctors aren't as thorough as should be
doc2,Doctors do best to prevent worrying
doc3,Doctors sometimes take unnecessary risks
doc4,Doctors are careful to check everything
doc5,Doctors treat patients with respect
doc6,I hardly see the same doctors each time
doc7,Doctors avoid unnecessary patient expenses
doc8,Doctors cause worry because don't explain
doc9,Doctors ignore old problems care new ones
doc10,Doctors recommend surgery if no other way
doc11,Doctors willing to refer me a specialist
doc12,Doctors unable to tell me all the options
doc13,Doctors deny me the treatment needed
doc14,Doctors put cost consideration above care
doc15,Doctor not really care me as a person
doc16,Doctors judgment trusted
doc17,Doctor does not do everything should for me
doc18,Doctor put medical needs above all other
doc19,Doctor a real expert in taking care problem
doc20,Doctor tell me if a mistake was made
prozac,Have you ever heard of prozac
usedproz,Have you ever taken prozac
knwnproz,Have you known anyone who took prozac
prozfor1,What can you tell me about prozac is used for
prozfor2,What can you tell me about prozac is used for
prozfor3,What can you tell me about prozac is used for
proz1,Prozac is harmful to the body
proz2,If no symptoms should dISCOntinue prozac
proz3,Taking prozac interferes with daily activities
proz4,Taking prozac helps people deal with stress
proz5,Taking prozac makes relations easier
proz6,Prozac helps people control their symptoms
proz7,Prozac makes people feel better about themselves
proz8,Prozac should be taken to enhance personalities
proz9,Prozac is for those diagnosed with depression
prozslf1,Take prozac if trouble in personal life
prozslf2,Take prozac if cant cope with stresses
prozslf3,Take prozac if feel depressed sleepless
prozslf4,Take prozac if intense fear losing control
prozkid1,Give kid prozac if is hostile
prozkid2,Give kid prozac if is not paying attention
prozkid3,Give kid prozac if is talking about suicide
socsecrt,Social security will be better
socsecfx,How serious is social securities problem
socsecnu,Social security phase out or continue
terminal,Have you or close friends relative faced with terminal illness
termecon,Worry about economic burden of terminal illness
termrel,My religious community very helpful
termemot,Worry about emotional burden on my family
termpain,Believe doctors can control my pain
termpay,Worry if no money get second class care
trustfam,Would trust my family
trustdoc,Would trust my doctor
trustcrt,Would trust the courts
termvig,One of the vignettes
rightref,Have a right to refuse further treatment
notreat,Refuse treatment except pain relief
instrctn,Prepare written instructions explaining future car
hospice,Choose hospice until patient dies
painmed,Ask doctors to increase pain medication
docsui,Ask for physician-assisted suicide
famwhts,Whites committed to strong families
famblks,Blacks committed to strong families
famjews,Jews committed to strong families
famhsps,Hispanics committed to strong families
famasns,Asians committed to strong families
fairwhts,Whites committed to fair and equal treatment of
fairblks,Blacks committed to fair and equal treatment of
fairjews,Jews committed to fair and equal treatment of a
fairhsps,Hispanics committed to fair and equal treatment
fairasns,Asians committed to fair and equal treatment o
conteng,Have English positive contribution to country
contitl,Have italians positive contribution to country
contchn,Have chinese positive contribution to country
contjew,Have Jews positive contribution to country
contblk,Have blacks positive contribution to country
contmex,Have mexicans positive contribution to country
contvn,Have vietnamese positive contribution to country
contcuba,Have cubans positive contribution to country
contirsh,Have irish positive contribution to country
contpr,Have puerto ricans positive contribution to country
contjpn,Have japanese positive contribution to country
contmslm,Have muslims positive contribution to country
othlang,Can R speak language other than English/Spanish
othlang1,What other languages Does R speak
othlang2,What other languages Does R speak
othbest,What language other than English Does R speak b
spklang,How well Does R speak other language
uselang,How often Does R use language other than English
getlang,Where did R learn other language
parlang,R's parents speak other language at home
granlang,R's grandparents speak other language at home
langcom,How often are other languages heard in community
langwrk,How often are other languages heard at work
engoff1,English official language of U.S.
twolang,Children should learn other language in high sc
nobiling,Bilingual education should be abolished
engunite,English unites all Americans
forlang1,Learning foreign language important math and s
engthrtn,English threatened by languages spoken by immig
engvote,Ballots should offered other languages than eng
othhome,R speaks other language at home
betrlang,Which language R speaks more fluent
spklangw,How well R speaks the language in betrlang
letinhsp,Immigration from Latin America should be increased
letinasn,Immigration from Asia should be increased
letineur,Immigration from Europe should be increased
immcrmup,More immigrants cause higher crime rates
immnew,More immigrants open country new ideas and cult
immnojob,Immigrants cause American to lose jobs
uswht,What percentage of population is white
usblk,What percentage of population is black
usjews,What percentage of population is Jewish
ushisp,What percentage of population is Hispanic
usasn,What percentage of population is Asian
usamind,What percentage of population is American India
usmixed,What percentage of population is of mixed heritage
whtchng,Percentage change population of whites in 25 yr
blkchng,Percentage change population of blacks in 25 yr
jewschng,Percentage change population of Jews in 25 yrs
hispchng,Percentage change population of Hispanics in 25
asnchng,Percentage change population of Asians in 25 yr
ethchng,Ethnic change in 25 yrs good for country
comwht,Percentage white living in R's community
comblk,Percentage black living in R's community
comjews,Percentage Jews living in R's community
comhisp,Percentage Hispanic living in R's community
comasn,Percentage Asian living in R's community
comamind,Percentage American Indian living in R's community
hispwork,How many people Hispanic at work
knwwht,Does R Personally any whites
knwblk,Does R Personally any blacks
knwjew,Does R Personally any Jews
knwhisp,Does R Personally any Hispanics
knwasn,Does R Personally any Asians
whtschl,Does R know whites from school
whtcom,Does R know whites from community
whtrel,Does R know whites as relative
whtwrk,Does R know whites from work
whtcls,Does R feel close to whites
blkschl,Does R know blacks from school
blkcom,Does R know blacks from community
blkrel,Does R know blacks as relative
blkwrk,Does R know blacks from work
blkcls,Does R feel close to blacks
jewsschl,Does R know Jews from school
jewscom,Does R know Jews from community
jewsrel,Does R know Jews as relative
jewswrk,Does R know Jews from work
jewscls,Does R feel close to Jews
hispschl,Does R know Hispanics from school
hispcom,Does R know Hispanics from community
hisprel,Does R know Hispanics as relative
hispwrk,Does R know Hispanics from work
hispcls,Does R feel close to Hispanics
asnschl,Does R know Asians from school
asncom,Does R know Asians from community
asnrel,Does R know Asians as relative
asnwrk,Does R know Asians from work
asncls,Does R feel close to Asians
mostcom,Have most in common with which group
leastcom,Have least in common with which group
neieth1,Preferred ethnic neighborhood
neieth2,Preferred ethnic neighborhood
neieth3,Preferred ethnic neighborhood
neieth4,Preferred ethnic neighborhood
neieth5,Preferred ethnic neighborhood
neieth6,Preferred ethnic neighborhood
neieth7,Preferred ethnic neighborhood
neieth8,Preferred ethnic neighborhood
neieth9,Preferred ethnic neighborhood
neieth10,Preferred ethnic neighborhood
neieth11,Preferred ethnic neighborhood
neieth12,Preferred ethnic neighborhood
neieth13,Preferred ethnic neighborhood
neieth14,Preferred ethnic neighborhood
hswht,High school mostly white
hseth,Largest non white ethnic group in high school
compuse,R use computer
webtv,R has internet via webTV
webmob,R uses home internet through mobile device
emailmin,Email minutes per week
emailhr,Email hours per week
usewww,R use www other than email
wwwhr,Www hours per week
wwwmin,Www minutes per week
chathr,Chatroom hours per week
chatmin,Chatroom minutes per week
drctlink,How often R links from homepage
typeurl,How often R types URLs by self
srcheng,How often R uses search engine
bookmark,How often R uses bookMarks
catdrcty,How often R uses web directories
hyperlnk,How often R uses links in other sites
emaillnk,How often does R link in an email from friend
fin30,R use financial information site in past 30 day
schl30,R use school site in past 30 days
educ30,R use education site in past 30 days
work30,R use work site in past 30 days
news30,R use news site in past 30 days
govt30,R use govt site in past 30 days
pol30,R use political information site in past 30 day
travel30,R use travel site in past 30 days
sports30,R use sports site in past 30 days
music30,R use music site in past 30 days
art30,R use art site in past 30 days
tvmov30,R use movie site in past 30 days
health30,R use health site in past 30 days
relig30,R use religion site in past 30 days
games30,R use game site in past 30 days
humor30,R use humor site in past 30 days
porn30,R use pornographic site in past 30 days
person30,R use Personal website in past 30 days
sci30,R use science site in past 30 days
hobby30,R use hobby site in past 30 days
cook30,R use cooking site in past 30 days
work12,R use web for work in past 12 months
hmefin12,R use web for home finances in past 12 months
buyinf12,R use web for product information in past 12 mo
buyit12,R use web to purchase products in past 12 month
invest12,R use web to invest money in past 12 months
people12,R use web to meet new people in past 12 months
health12,R use web for health information in past 12 mon
travel12,R use web for travel in past 12 months
locate12,R use web to find addresses in past 12 months
game12,R use web for games in past 12 months
newjob12,R use web to look for new job in past 12 months
chat12,R use web for chatrooms in past 12 months
polinf12,R use web for political information in past 12
econ12,Past 12 months R web to learn economy
abort12,Past 12 months R web to learn abortion
moral12,Past 12 months R web to learn moral issues
foraff12,Past 12 months R web to learn foreign affairs
racrel12,Past 12 months R web to learn race relations
enviro12,Past 12 months R web to learn environment
polcam12,Past 12 months R web to learn pol campaigns
gun12,Past 12 months R web to learn gun control
taxes12,Past 12 months R web to learn taxes
fe12,Past 12 months R web to learn gender issues
news12,Past 12 months R web to learn news
polagree,Visit political sites R agrees with
polneutl,Visit politically neutral sites
poldsagr,Visit political sites R disagrees with
petition,Web make R sign petition
contact,Web make R contact elected official
meeting,Web make R attend a political meeting
polnew,R learn something new on the web
votefor,Web make R decide to vote for a political candidate
polchnge,Web change R's mind
polforms,Web help form opinions
polconf,Web help confirm opinions
polalter,Web help change mind
poltough,Web show issues more complicated
artsmin,How many minutes at arts websites
artshr,How many hours at arts websites
artschat,Use chatrooms about arts
artsnew,R learn something new on web about arts
artschng,Web change mind about arts on web
wwwmusic,Use the web to learn about music
musicinf,Use web to get music information
musicget,Use web to download music
musiclst,Use web to listen to radio
musicbuy,Use web to buy music after hearing on web
wwwclass,In last month listen classical music on web
wwwcntry,In last month listen country music on web
wwwgthic,In last month listen gothic music on web
wwwjazz,In last month listen jazz music on web
wwwoldie,In last month listen oldies music on web
wwwrap,In last month listen rap music on web
wwwrelig,In last month listen religious music on web
wwwrock,In last month listen rock music on web
wwwworld,In last month listen world music on web
musiclke,Visit sites about music R likes
musicdif,Visit many different types of music
musicnew,Visit sites about music not usually heard
wwwart,Use web to learn about visual arts
artmus1,Use web to learn about upcoming exhibits
artmus2,Use web to learn about existing exhibits
artview,Use web to look at art works
artinfo,Use web to find info about artists
artmus3,Visit museum after learning on web
wwwlit,Use web to learn about literature
litsite,Use web to learn about a book or poem
litget,Use web to download poem or fiction
litauth,Visit site associated with writer
litread,Read book after seeing author on web
wwwpersn,Has R met person on web
wwwsp,Has anyone met on web become spouse
wwwgfbf,Has anyone met on web become partner
wwwcowrk,Has anyone met on web become coworker
wwwbiz,Has anyone met on web become business partner
wwwnei,Has anyone met on wen become neighbor
wwwfrnd,Has anyone met on web become friend
wwwvol,Has anyone met on web become volunteer with R
online,Has R used online help for software
manual,Has R consulted manual for help with software
callcomp,Has R called software company for help
askwork,Has R asked someone at work for help with software
askother,Has R asked someone else for help with software
payother,Has R paid for help with software
doonown,Has R figured out problems with software on own
advsp,R can ask spouse or partner for software help
advchld,R can ask son or daughter for software help
advpar,R can ask parent for software help
advsib,R can ask sibling or sibling partner software h
advfam,R can ask other family members software help
advtchr,R can ask teacher software help
advstu,R can ask other student software help
advsup,R can ask work supervisor software help
advcowrk,R can ask coworker software help
advcfrnd,R can ask close friend software help
advofrnd,R can ask acquaintance software help
advlib,R can ask librarian software help
srcheng1,Does R know the name of a search engine
srcheng2,Name of search engine given by R
download,Does R know how to download files from www
upload,Does R know how to upload files to www
cmpvirus,Does R know what a computer virus is
hlthinfo,R sought health information past year
hlthpapr,R sought health information newspaper articles
hlthmag1,R sought health information general interest magazines
hlthmag2,R sought health information health magazines
hlthdoc,R sought health information doctor or nuR'se
hlthfrel,R sought health information friends or relatives
hlthtv,R sought health information TV or radio
hlthwww,R sought health information www
polinfo,R sought political information past 2 years
polpapr,R sought political information daily newspaper
polmag1,R sought political info general interest magazines
polmag2,R sought political information political magazine
poltv,R sought political information TV or radio
polfrel,R sought political information friends or relatives
polcamp,R sought political information political campaign
polwww,R sought political information www
buyinfgn,R sought information purchase past year
investgn,R invested money past year
travelgn,R made travel reservations past year
peoplegn,R tried to meet new people past year
gamegn,R play an indoor game past year
newjobgn,R look for new job past year
poldisgn,R discuss political views past year
polinfgn,R sought political information past year
perfrmgn,R obtain information on performing arts past ye
artgn,R obtain information on art exhibit past year
polcangn,R look up views of political candidate for office
numcntct,How many people in contact least once a year
inperson,How many people seen in person
byphone,How many people talk to on phone
letters,How many people write letters to
meetings,How many people seen at church or group meeting
byemail,How many people send email
comphome,Does R have computer at home
usehome,Does R use computer at home
numhome,How many computers at home
wwwhome,Can R use www at home
paywww,Does employer pay for www
wwwline1,Is www through phone line
wwwline2,Means to www
ecomminh,Minutes per week use computer household management
ecomhrh,Hours per week use computer household management
perminh,Minutes per week use computer Personal interest
perhrh,Hours per week use computer Personal interest
wrkminh,Minutes per week use computer make money
wrkhrh,Hours per week use computer make money
emminh,Minutes per week use computer email
emhrh,Hours per week use computer email
wwwminh,Minutes per week use computer www
wwwhrh,Hours per week use computer www
compwork,Does R use computer at work
jobminw,Minutes per week using work computer job
jobhrw,Hours per week using work computer job
incminw,Minutes per week using work computer make money
inchrw,Hours per week using work computer make money
ecomminw,Minutes per week using work computer hsehld mng
ecomhrw,Hours per week using work computer hsehld mngmn
perminw,Minutes per week using work computer Personal i
perhrw,Hours per week using work computer Personal int
emminw,Minutes per week using work computer email
emhrw,Hours per week using work computer email
wwwminw,Minutes per week using work computer www
wwwhrw,Hours per week using work computer www
compoth,Does R use computer not at home or work
compschl,Does R use computer at school
complib,Does R use computer at library
compfri,Does R use computer at friends house
compelse,Does R use computer somewhere else
mostloc,Where Does R use computer most
ecommino,Minutes per week using other computer hsehld mn
ecomhro,Hours per week using other computer hsehld mngm
permino,Minutes per week using other computer Personal
perhro,Hours per week using other computer Personal in
wrkmino,Minutes per week using other computer make money
wrkhro,Hours per week using other computer make money
emmino,Minutes per week using other computer email
emhro,Hours per week using other computer email
wwwmino,Minutes per week using other computer www
wwwhro,Hours per week using other computer www
emsent,How many email messages sent per day
emsentp,How many personal email messages sent per day
emget,How many email messages received per day
emgetp,How many personal messages received per day
emwrkloc,R send or receive to or from coworkers
emwrkawy,R send or receive to or from business contacts
emfamloc,R send or receive to or from family members at
emfamoth,R send or receive to or from other family members
emfri,R send or receive to or from friends
emchurch,R send or receive to or from church members
emgroups,R send or receive to or from group members
fbaccess,Permission to access R's Facebook account
twitter,Use Twitter
facebook,Use Facebook
instagrm,Use Instagrm
linkedin,Use Linkedin
snapchat,Use Snapchat
tumblr,Use Tumblr
whatsapp,Use Whatsapp
googlesn,Use Googlesn
pinterst,Use Pinterest
flickr,Use Flickr
vine,Use Vine
clssmtes,Use Clssmtes
snsmoth1,Do you use any other social networks
snsmot2a,First other social network
snsmot2b,Second other social network
snsmot2c,Third other social network
snsmnew,Which social network did you join most recently
snsmyear,Year first joined sns
snsmfrst,Which social network did you join first
numprobs,How many friends close to discuss problems
byemprob,How many friends discuss problems via email
jobinfo,R sought employment info past year
jobpaper,Times R sought job information from newspaper
jobpub,Times R sought job information from publication
jobcowrk,Times R sought job information from co-workers
jobcntct,Times R sought job information from contact outside
jobfrnds,Times R sought job information from friends
jobplace,Times R sought job information from counseling service
jobtvrad,Times R sought job information from radio or TV
jobonwww,Times R sought job information from internet
emailyr,When R first began using email
webyr,When R first began using web
webable,R's ability to use internet
manbook,R consulted manual for help with web
cussup,R called software company
tecsup,Called tech support at work
askwksch,R figured out problems with web on own
askelse,R asked someone else for help
payelse,R has paid for help
doself,R figured out problems with web on own
processr,R knows what a processor is
browser1,R knows what an internet web browser is
browser2,Can R give the name of a web browser
browser3,R specify name of web browser
advsrch,How familiar R is with term advanced search
mp3,How familiar R is with term mp3
ezines,How familiar R is with term e-zines
prefsets,How familiar R is with term preference settings
newsgrps,How familiar R is with term newsgroups
timekid1,Time R spends with child 1
timekid2,Time R spends with child 2
timekid3,Time R spends with child 3
timekid4,Time R spends with child 4
sptmkid1,Time spouse spends with child 1
sptmkid2,Time spouse spends with child 2
sptmkid3,Time spouse spends with child 3
sptmkid4,Time spouse spends with child 4
kdtmkid1,Time child 1 spends with R
kdtmkid2,Time child 2 spends with R
kdtmkid3,Time child 3 spends with R
kdtmkid4,Time child 4 spends with R
knowkid1,R knows what child is doing on weekend
knowkid2,R knows what child is doing on weekend
knowkid3,R knows what child is doing on weekend
knowkid4,R knows what child is doing on weekend
homeband,How home is connected to www
freemns1,What does freedom mean to you
freemns2,What does freedom mean to you
freemns3,What does freedom mean to you
freeexp1,What experiences in life make you feel most free
freeexp2,What experiences in life make you feel most free
freeexp3,What experiences in life make you feel most free
howfree,How much freedom do Americans have
rhowfree,How much freedom Does R have
freenow,Americans have more freedom than in past
rfreenow,R have more freedom than in past
satdemoc,R satisfied with way democracy works in America
leftlone,Being left alone important for freedom
nogovt,No govt interference important for freedom
inpeace,Feeling of inner peace important for freedom
partpol,Political participation important for freedom
choice,Choice what to do in life important for freedom
expunpop,Expression of unpopular ideas important for freedom
freeprss,Press should be completely free
wlthpov,Some rich some poor ok in free society
cntrlife,Control R feels over own life
modact,R limited in moderate activities
stairs,R limited in climbing staiR's
didlessp,Health prevent doing desired activities past 4
limitedp,Health limit type of work past 4 wks
didlesse,Emotion prevent desired activities past 4 wks
crelesse,Emotion work less carefully past 4 wks
pain,Pain interfere with work past 4 wks
peaceful,Felt peaceful in past 4 wks
energy,Have a lot of energy in past 4 wks
downblue,Felt down and blue in past 4 wks
socacts,Physical and emotion social activities past 4
treat1,R seek treat moderate activities
treat2,R seek treat climbing staiR's
treat3,R seek treat doing less than desired physic
treat4,R seek treat limited types of work
treat5,R seek treat doing less than desired emotio
treat6,R seek treat working less carefully
treat7,R seek treat pain interfere with work
treat8,R seek treat not calm and peaceful
treat9,R seek treat lack of energy
treat10,R seek treat downhearted and blue
treat11,R seek treat health interfere with social l
wait1,How long R wait treatment moderate activity
wait2,How long R wait treatment climbing stairs
wait3,How long R wait treatment doing less work p
wait4,How long R wait treatment limited types of
wait5,How long R wait treatment doing less work e
wait6,How long R wait treatment working less care
wait7,How long R wait treatment pain interfere wi
wait8,How long R wait treatment not calm and peace
wait9,How long R wait treatment lack of energy
wait10,How long R wait treatment downhearted and b
wait11,How long R wait treatment health interfere
downqol,Treatment for downheartedness improve quality of life
downfam,Treatment for downheartedness improve family
downcure,Treatment for downheartedness cure condition
downrely,Treatment for downheartedness rely less on
downfeel,Treatment for downheartedness improve feelings
painqol,Treatment for pain improve quality of life
painfam,Treatment for pain improve family relations
paincure,Treatment for pain cure condition
painrely,Treatment for pain rely less on others
painfeel,Treatment for pain improve feeling about se
emotqol,Treatment for emotion improve quality of li
emotfam,Treatment for emotion improve family relations
emotcure,Treatment for emotion cure condition
emotrely,Treatment for emotion rely less on others
emotfeel,Treatment for emotion improve feeling about
ethimp,Importance of ethnic group to R
ethignor,US harmony by ignore ethnic differences
ethnofit,Eth minorities never fit in am mainstream
ethtrads,Society recognize right of ethnic traditions
ethadapt,Minorities must adapt to American culture
feelblks,How R feels towards african Americans
feelasns,How R feels towards Asian Americans
feelhsps,How R feels towards Hispanics
feelwhts,How R feel towards caucAsians
ethsame,Individual of same ethnic group similar
ethdiff,Ethnic groups in us different
whtsdiff,Whites different from minorities
docvig,Vignette about the doctor
regdoc,R has regular doctor or clinic
regdocyr,R has had doctor for more than one year
docaskme,R prefers doc ask opinion
docdecid,R leaves decisions up to doctor
docrely,R relies on doctors knowledge
hlthplan,R had medicare or medicaid
chosedoc,R had enough choices among docs
insrlmts,R's insurance plan has limits
diffcare,R had difficulty getting specialty care
fininc,R heard docs limit used of exp tests
fininc1,Importance to R to be told about incentives
fininc2,Best time to be told about incentives
fininc3,Best person to tell about incentives
fininc4,R likely to ask doc about incentives
belvedoc,R believe what doctor said
docinfo,Doctor provided enough info
docnomri,R agree with doc decision to not order mri
docsat,How satisfied R with office visit
doccosts,How R trust doc put health above costs
docswtch,Would R switch physicians
insrchng,Would R change insurance plans
secopin,Would R seek second opinion
paidhow,How are you paid
usualhrs,How many hrs/week do you usually work
mosthrs,Most hrs/week worked in past month
leasthrs,Fewest hrs/week worked in past month
sethrs,How are your working hours decided
advsched,How far in advance do you schedule work
wrktype,Work arrangement at main job
yearsjob,Time at current job
waypaid,How paid in main job
wrksched,Usual work schedule
moredays,Days per month R work extra hours
mustwork,Mandatory to work extra hours
chngtme,How often R allowed change schedule
wrkhome,How often R works at home
whywkhme,Usual reason R work at home
famwkoff,How hard to take time off
wkvsfam,How often job interferes fam life
famvswk,How often fam life interfere job
hrsrelax,Hours per day R have to relax
secondwk,R has job other than main
learnnew,Job requires R to learn new things
workfast,Job requires R to work fast
workdiff,R does numerous things on job
lotofsay,R has lot of say in job
wktopsat,Satisfaction comes from work
overwork,R has too much work to do well
knowwhat,R knows what's expected on job
myskills,Job allows R use of skills
respect,R treated with respect at work
trustman,R trust management at work
safetywk,Worker safety priority at work
safefrst,No shortcuts on worker safety
teamsafe,Mgt and employees work together re safety
safehlth,Safety and health condition good at work
proudemp,R proud to work for employer
prodctiv,Work conditions allow productivity
wksmooth,Workplace runs in smooth manner
trdunion,Workers need strong unions
partteam,R work as part of a team
wkdecide,How often R take part in decisions
setthngs,How often R set way things done
toofewwk,How often not enough staff
promteok,R's chances for promotion good
opdevel,Opportunity to develop my abilities
hlpequip,Enough help and equip to ge the job done
haveinfo,Enough info to get the job done
wkfreedm,A lot of freedom to decide how to do job
fringeok,Fringe benefits are good
supcares,Supervisor concerned about welfare
condemnd,R free from conflicting demands
promtefr,Promotions are handled fairly
cowrkint,Coworkers take a Personal interest in R
jobsecok,The job security is good
suphelp,Supervisor helpful to R in getting job done
wrktime,R has enough time to get the job done
cowrkhlp,Coworkers can be relied on when R needs help
trainops,R have the training opportunities
manvsemp,Relations bw management and employees
hvylift,R do repeated lifting
handmove,R perform forceful hand movements
wkpraise,R is likely to be praised by supervisor
wkbonus,R is likely to get a bonus or pay increase
fairearn,How fair is what R earn on the job
rincblls,Income alone is enough
laidoff,R was laid off main job last year
jobfind1,How easy for R to find a same job
trynewjb,How likely R make effort for new job next year
wkageism,R feels discriminated because of age
wkracism,R feels discriminated because of race
wksexism,R feels discriminated because of gender
wkharsex,R sexually harassed on the job last 12 months
wkharoth,R threatened on the job last 12 months
health1,R's health in general
physhlth,Days of poor physical health past 30 days
mntlhlth,Days of poor mental health past 30 days
hlthdays,Days of activity limitation past 30 days
usedup,How often during past month R felt used up
backpain,R had back pain in the past 12 months
painarms,R had pain in the arms in the past 12 months
hurtatwk,Number of injuries on the job past 12 months
spvtrfair,Supervisor is fair
strredpg,Access to stress management
phyeffrt,Rate physical effort
slpprblm,Trouble sleeping last 12 months
satjob1,Job satisfaction in general
knowschd,How far in advance know work schedule
usetech,Percentage of time use tech
stress12,Stress management program last 12 months
hyperten,Told have hypertension or high blood pressure
arthrtis,Told have arthritis or rheumatism
diabetes,Told have diabetes
depress,Told have depression
height,R is how tall
ntwkhard,Past week not work hard enough
misswork,Miss work for health past 30 days
lifenow,R's rating of life overall now from 0-10
lifein5,R's rating of life overall in five years from 0-10
cesd1,How much time felt depressed in past wk
cesd2,How much time sleep was restless in past wk
cesd3,How much time felt happy in past wk
cesd4,How much time felt lonely in past wk
cesd5,How much time felt sad in past wk
disrspct,R is treated with less courtesy or respect than others
poorserv,R recieves poorer service in restaurants or stores
notsmart,People act as if they think R is not smart
afraidof,People act as if they are afraid of R
threaten,R is threatened or harassed
quallife,R's quality of life
hlthphys,R's physical health
hlthmntl,"R's mental health, mood, and ability to think"
satsoc,R's satisfaction with social activities and relationships
actssoc,How well R carries out usual social activities
physacts,To what extent R can accomplish everyday physical activities
emoprobs,"In the past 7 days, how often R has been bothered by emotional problems"
fatigue,"In the past 7 days, R's average fatigue"
ratepain,"In the past 7 days, R's average pain"
abfelegl,Women only: Women should be able to have legal abortions
abmelegl,Men only: Women should be able to have legal abortions
abmoral,R has a moral opposition to abortion
abstate1,Difficulty of obtaining abortion in R's state
abstate2,Change abortion laws in R's state to make it easier or harder to get an abortion
abhelp1,R would help with arrangements for abortion
abhelp2,R would help with paying for abortion
abhelp3,R would help with paying for abortion-related other costs
abhelp4,R would help with emotional support for abortion
abmedgov1,Woman and doctor or Govt should decide what info needed for abortion - Ver X
abmedgov2,Woman and doctor or Govt should decide what info needed for childbirth - Ver Y
abinspay,Should people be able to use health insurance for abortion - Ver Y
natnotice,"In my everyday life, I take notice of the natural elements around me (trees, wat"
natviews,"I have views of nature (trees, lawns, gardens, water, etc.) when I am home"
nataccess,"I have easy access to natural environments, such as public parks, gardens or tra"
nattime,"Usually, I spend time in natural environments, such as public parks, gardens or"
natsat,I am satisfied with my day to day experience of nature
natrelax,Natural environments are peaceful and relaxing
natactive,"Natural environments are a good place for physical activity, such as walking, cy"
natmeet,Natural environments are a good place to meet others from the local community
nattimeok,I spend as much time as I would like in natural environments
natlack,There is a lack of interesting activities in natural environments
numpets,How many pets R's family has
whynopet,Reason why R's family has no pet
petb4,Did R's family have a pet 5 years ago
dog,Dog
cat,Cat
smammal,"Small mammal (rabbit, gerbil, hamster)"
bird,Bird
fish,Fish
reptile,"Reptile (turtle, snake, lizard)"
horse,Horse
pig,Pig
goat,Goat
othpet,Other Pet
petplay,How often R spends time each day playing with or training pet
petcmfrt,How often R seeks pet for comfort when feeling bad
petfam,How often R considers pet member of family
dogb4,Dog
catb4,Cat
smammalb4,"Small mammal (rabbit, gerbil, hamster)"
birdb4,Bird
fishb4,Fish
reptileb4,"Reptile (turtle, snake, lizard)"
horseb4,Horse
pigb4,Pig
goatb4,Goat
othpetb4,Other Pet
petb4ply,How often R used to spend time each day playing with or training pet
petb4cmfrt,How often R used to seek pet for comfort when feeling bad
petb4fam,How often R considered pet member of family
workfor,R work for whom
workfor1,R work for whom
ownstock,R has stock in R's company
stockval,Total dollar value of R's stock
stockops,R hold any stock options of R's company
extrapay,Eligible for performance based pay
compperf,Size of perf based pay depend on profits
deptperf,Size of perf based pay depend on workgroup
indperf,Size of perf based pay depend on individual
extr2001,Did R receive perf based payment in 2001
extr2017,Did R receive any  performance-based incentives in 2017
extraval,Total dollar value of pay in previous year
extrayr,Year of the most recent perf based payments
yearval,Total dollar value of payments in that year
seecowrk,How easy to see whether co-workers working
cowrkhrd,How hard to say how people work at workplace
talkemp,How likely to talk directly if coworker not work
talksup,How likely to speak supervisor if coworker not w
donothng,How likely to do nothing if coworker not working
lastwkmo,What month were you last working
lastwkyr,What year were you last working
empathy1,R have tender feeling for people less fortunate
empathy2,R does not feel very sorry for people having pro
empathy3,R feels protective towards people taken advantage
empathy4,Others misfortunes do not disturb r
empathy5,R does not feel pity for someone treated unfair
empathy6,R often quite touched by things
empathy7,R describes oneself as a soft-hearted person
givblood,R donated blood during the past 12 months
givhmlss,R has given food or money to a homeless person
retchnge,R returned money after getting too much change
cutahead,R allowed a stranger to go ahead of you in line
volchrty,R done volunteer work for a charity
givchrty,R has given money to a charity
givseat,R offered seat to a stranger during past 12 months
helpaway,R looked after plant or pet of others while away
carried,R carried a stranger's belongings
directns,R has given directions to a stranger
loanitem,R has let someone borrow a item of some value
selfless,R feels like a selfless caring for others
accptoth,R accept others even when they do things wrong
othshelp,People should help less fortunate others
careself,Those in need have to take care of themselves
peoptrbl,Assisting people in trouble is very important
selffrst,People need not overly worry about others
volmonth,Volunteer in last month
valgiven,Total donations past year R and immediate family
finind,Young should be financially independent
finind1,Aged should be financially independent
ownhh,Young should not live with parents
ownhh1,Aged should stop living with parents
eddone,Young should complete formal schooling
eddone1,Aged should complete formal schooling
ftwork,Young should be employed full-time
ftwork1,Aged should be employed full-time
supfam,Young should be able to support family
supfam1,Aged should be able to support family
havchld,Young should have child
havchld1,Aged should have child
getmar,Young should get married
getmar1,Aged should get married
boycott,Have ever boycotted a product past 5 years
signpet,Have ever signed a petition past 5 years
protest,Have ever joined a protest rally past 5 years
conoffcl,Have ever contacted an elected official
givchng,Have given money to group advocating social change
hlpneedy,Have ever contributed time to help the needy
partthon,Have participated in a walkathon over past 5 years
chldvig,Vignette asked
chldprb,What R think may be wrong with a named youth
chldprob,How serious R consider his or her problem
chldhlp,What should be done to help a named youth
badchar,Situation caused by own bad character
chembal,Situation by a chemical imbalance in the brain
stressfl,Situation caused by stressful circumstances
geneprob,Situation caused by a genetic or inherited problem
raised,Situation caused by the way he or she was raised
violtv,Situation caused by watching violent TV
discipln,Situation caused by lacking discipline in the
allergic,Situation caused by food or chemical allergies
bettrown,Situation will improve on its own
imprvdis,Situation will improve with strict discipline
imprveat,Situation will improve with some changes in diet
imprvmed,Situation will improve with medical treatment
nextdoor,How willing R move next door to child's family
spendeve,How willing R spend evening with child's family
chldfrnd,How willing R have children make friends with ch
chldsch,How willing R have child in same class of R's ch
adfam,Would R get advice from family if child was R's
adfammed,Would R have child be on medication by fam advice
adtch,Would R get advice from teachers child if was R's
adtchmed,Would have child be on med by teachers advice
addoc,Would go to a medical doctor if he was R's child
addocmed,Would have child be on med by docs advice
adcou,Would R go to counselor if child was R's
adcoumed,Would R have child on med by counseloR's advice
adpsy,Would R go to a psychiatrist if child was R's
adpsymed,Would R have child on med by psychiatrists ad
adhos,Would R check child into a hospital if was R's
adhosmed,Would R have child be on med by hospital staff
forcedoc,Should child be forced by law to be treated by doc
forcemed,Should child be forced by law to take a prescription
forcehos,Should child be forced by law to admit to a hosp
grwingup,Is child experiencing normal ups and downs
mntlill,Is child experiencing a mental illness
illphys,Is child experiencing a physical illness
violpeop,Would child do something violent toward other
violself,Would child do something violent to own self
outsider,Getting mental health treatment make child an
sufadult,Would child suffer as adult if other learn
comknows,People in community still know who had mental
failure,Mental treatment for child make parent feel like
ovrmedkd,Docs are over medicating child with common problem
medkdneg,Medicating child will have long term negative
putsoff,Psychiatric med only put off dealing with problem
trbllaw,Child with med get into less trouble with the
medsavtx,Govt programs for mental health treatment will
zombies,Med for behavior problems turn kids into zombies
pryntfam,Med just prevent family from working out problem
adhdknow,What Does R know about ADHD
adhdknw,What Does R know about ADHD (verbatim)
adhdreal,Is ADHD a real disease
adhdcon,Children should be given counseling for ADHD
adhdmed,Children should be given medication to treat ADHD
mntlrel,Effect of mental health problem on relation with
medsymps,Med for mental health problem help people
medaddct,Med for mental health problem are addictive
medweak,Taking medications is a sign of weakness
medunacc,Med for mental health problem often have side of
solveown,R would solve problem on ones own or get advice
doc15a,Doctor not really care me as a person
doc16a,Doctors judgment trusted
doc18a,Doctor put medical needs above all other
doc19a,Doctor a real expert in taking care problem
doc20a,Doctor tell me if a mistake was made
caninf1,Would use search engine for information on candidate
caninf2,Would use category directory information on can
caninf3,Would use bookMark for information on candidate
caninf4,Would guess or type site name for information o
caninf5,Would seek advice for information on candidate
caninf6,Would use chat group for information on candida
caninf7,Would go to candidate site for information on c
caninf8,Would go to politics site for information on ca
caninf9,Would go to news site for information on candid
caninf10,Would go to portal site for information on candidate
caninf11,Would go to govt site for information on candid
caninf12,Would refuse to answer not sure don't know
caninf13,Does R mentioned any specific URL?
caninf14,First site mentioned
difstand,Some ppl hold standard in workplace that others don?
rptprobs,Ppl feel free to report problems in workplace
othcredt,Other people take credit for R's work or ideas
putdown,Ppl at work treat R in a manner putting R down
lackinfo,Ppl at work fail to give R necessary info
perspace,Ppl at work get in R's Personal space to intimidate
physharm,R have been threatened with physical harm at work
actupset,Ppl at work throw things when upset with R
shout,Ppl at work shout at R in hostile manner
hotargus,Heated arguments occur in workplace
reliedon,Ppl at work can be relied on when needs help
gdjobsec,Job security is good
treatres,People are treated with respect
lookaway,Ppl look the other way when others are threatened
skipwork,How often R stayed at home or leave work early
numemps,"if self employed, number of other employees"
wrkslffam,DOES R WORK IN FAMILY BUSINESS OR FARM
ignorwk,Feel ignored at work
rumorwk,Rumors or gossip about R at work
jokeswk,Target of derogatory comments or jokes at work
eharaswk,Harassed electronically at work
rudewk,Treated rudely at work
liedcwkr,Lied to at work
denyrais,Denied raise without reason at work
wkbhvrs,Employee doing these things at work to R
wkrspns,Response to misbehavior from coworkers
natborn,What country R were born in
bornhome,What kind of house R's family lived at birth
travelus,Transportation R took when travelling to us
immstats,R's current immigration status right now
rundrstd,Did R appear to understand 3-box answer format
robject,Did R object to or delay answering card c4
genevig1,Vignette number used
genevig2,Vignette order used
genenvo1,Gene or learning?
genenvo2,Gene or learning?
genenvo3,Gene or learning?
genenvo4,Gene or learning?
satself,On the whole I am satisfied with myself
afailure,I am inclined to feel I am a failure
slfrspct,I wish i could have more respect for myself
ofworth,I am a person of worth at least equal to others
nogood,At times I think I am no good at all
optimist,I am always optimistic about my future
pessimst,I hardly ever expect things to go my way
notcount,I rarely count on good things happening to me
moregood,I expect more good things to happen to me than bad
owndoing,Degree of influence over what happens to me
geneexps,Genes or experiences in determining Personality
depndabl,R is a dependable person
sadblue,R is a person who feels sad and blue
athletic,R is an athletic person
kindpers,R is a kind person
selfish,R is a selfish person
agape1,Would suffer than let the one R love suffer
agape2,Not happy unless the one s happiness is before R
agape3,Willing to sacrifice wish to let the one achieve
agape4,Would endure all things for the one R love
hgunlaw,Should be more restrictions on handgun
hguncrim,More restrictions on handgun decrease crime
crimup,What if more restrictions increase crime
crimdown,What if more restrictions reduce crime
numrelex,Number of real experience that changed R's life
agerelex,Age of R at religious experience
chngrel,R changed religion because of experience
numrborn,How many born-again experience R had
agerborn,Age of R at born-again experience
chngrbrn,R changed religion because of experience
entity,Entity mentions in religious change
expchng1,Cause of religious change1
expchng2,Cause of religious change2
expchng3,Cause of religious change3
whychng1,Religious change experience1
whychng2,Religious change experience2
whychng3,Religious change experience3
changed1,Life changes from religious change1
changed2,Life changes from religious change2
changed3,Life changes from religious change3
relalt1,Rel change altered R's outlook on life
relalt2,Rel change made R sense life was meaningful
relalt3,Rel change changed goals in life
relalt4,Rel change positively affected relation with others
relalt5,Rel change changed day to day activities
relalt6,Rel change changed life overall
alloflfe,Experience connection to all of life
joylifts,Feel joy during worship
relsprt1,Find strength religion or spirituality
relsprt2,Find comfort in religion or spirituality
godhelp,Ask for gods help in daily activities
godguide,Feel guided by god in daily activities
godlvdir,Feel gods love for R directly
godlvoth,Feel gods love for me through others
blessngs,Feel thankful for R's blessings
closrgod,Desire to be closer to god
godclose,How close to god
idols,Catholics are idols
rosaries,Catholic rosaries are superstitious
notthink,Catholics are not permitted to think
evdrink,Ever drank any alcoholic beverage
drinkyr,How regularly R drink over last 12 months
drinkday,How many drinks R have on a day when drinking
drink6up,How often R has 6 or more drinks in a day
drinkmax,Largest number of drinks in a day last 12 months
drink12,How often at least 12 but less than 20 drinks
drink8,How often at least 8 but less than 12 drinks
drink5,How often at least 5 but less than 8 drinks
drink3,How often at least 3 but less than 5 drinks
drink1,How often at least 1 but less than 3 drinks
drinkmin,How often at least a sip but less than one full drink
churchtx,Membership in church-related groups
infrmgrp,Any activities with the same group of ppl regularly
typfrat,R belongs to more than one fraternal groups
typserv,R belongs to more than one service clubs
typvet,R belongs to more than one veterans groups
typpolit,R belongs to more than one political clubs
typunion,R belongs to more than one labor unions
typsport,R belongs to more than one sports groups
typyouth,R belongs to more than one youth groups
typschl,R belongs to more than one school service groups
typhobby,R belongs to more than one hobby clubs
typgreek,R belongs to more than one school fraternities
typnat,R belongs to more than one nationality groups
typfarm,R belongs to more than one farm organizations
typlit,R belongs to more than one literary groups
typprof,R belongs to more than one professional societies
typchurh,R belongs to more than one church affiliate groups
typother,R belongs to more than one other groups
typinfrm,R belongs to more than one informal groups
numfrat,How many R belongs to fraternal groups
numserv,How many R belongs to service clubs
numvet,How many R belongs to veterans groups
numpolit,How many R belongs to political clubs
numunion,How many R belongs to labor unions
numsport,How many R belongs to sports groups
numyouth,How many R belongs to youth groups
numschl,How many R belongs to school service groups
numhobby,How many R belongs to hobby clubs
numgreek,How many R belongs to school fraternities
numnat,How many R belongs to nationality groups
numfarm,How many R belongs to farm organizations
numlit,How many R belongs to literary groups
numprof,How many R belongs to professional societies
numchurh,How many R belongs to church affiliate groups
numother,How many R belongs to other groups
numinfrm,How many R belongs to informal groups
yrfrat1,How many yrs R been a member of fraternal groups1
yrfrat2,How many yrs R been a member of fraternal groups2
yrfrat3,How many yrs R been a member of fraternal groups3
yrfrat4,How many yrs R been a member of fraternal groups4
yrserv1,How many years R been a member of service club1
yrserv2,How many years R been a member of service club2
yrserv3,How many years R been a member of service club3
yrserv4,How many years R been a member of service club4
yrserv5,How many years R been a member of service club5
yrserv6,How many years R been a member of service club6
yrserv7,How many years R been a member of service club7
yrserv8,How many years R been a member of service club8
yrvet1,How many years R been a member of veteran groups1
yrvet2,How many years R been a member of veteran groups2
yrvet3,How many years R been a member of veteran groups3
yrvet4,How many years R been a member of veteran groups4
yrvet5,How many years R been a member of veteran groups5
yrpolit1,How many years R been a member of political club1
yrpolit2,How many years R been a member of political club2
yrpolit3,How many years R been a member of political club3
yrunion1,How many years R born a member of labor union1
yrunion2,How many years R born a member of labor union2
yrunion3,How many years R born a member of labor union3
yrunion4,How many years R born a member of labor union4
yrsport1,How many years R born a member of sports groups1
yrsport2,How many years R born a member of sports groups2
yrsport3,How many years R born a member of sports groups3
yrsport4,How many years R born a member of sports groups4
yryouth1,How many years R born a member of youth groups1
yryouth2,How many years R born a member of youth groups2
yryouth3,How many years R born a member of youth groups3
yryouth4,How many years R born a member of youth groups4
yryouth5,How many years R born a member of youth groups5
yrschl1,How many years R born a member of school service group1
yrschl2,How many years R born a member of school service group2
yrschl3,How many years R born a member of school service group3
yrschl4,How many years R born a member of school service group4
yrhobby1,How many years R born a member of hobby club1
yrhobby2,How many years R born a member of hobby club1
yrhobby3,How many years R born a member of hobby club1
yrgreek1,How many years R born a member of school fraternity1
yrgreek2,How many years R born a member of school fraternity2
yrnat1,How many years R born a member of national group1
yrnat2,How many years R born a member of national group2
yrfarm1,How many years R born a member of farm organization1
yrfarm2,How many years R born a member of farm organization2
yrfarm3,How many years R born a member of farm organization3
yrlit1,How many years R born a member of literary group1
yrlit2,How many years R born a member of literary group2
yrlit3,How many years R born a member of literary group3
yrlit4,How many years R born a member of literary group4
yrprof1,How many years R born a member of professional society1
yrprof2,How many years R born a member of professional society2
yrprof3,How many years R born a member of professional society3
yrprof4,How many years R born a member of professional society4
yrprof5,How many years R born a member of professional society5
yrchurh1,How many years R born a member of church group1
yrchurh2,How many years R born a member of church group2
yrchurh3,How many years R born a member of church group3
yrchurh4,How many years R born a member of church group4
yrchurh5,How many years R born a member of church group5
yrchurh6,How many years R born a member of church group6
yrother1,How many years R born a member of other group1
yrother2,How many years R born a member of other group2
yrother3,How many years R born a member of other group3
yrother4,How many years R born a member of other group4
yrother5,How many years R born a member of other group5
yrinfrm1,How many years R born a member of informal group1
yrinfrm2,How many years R born a member of informal group2
yrinfrm3,How many years R born a member of informal group3
yrinfrm4,How many years R born a member of informal group4
yrinfrm5,How many years R born a member of informal group5
mtfrat1,How many years R born a member of fraternity group1
mtfrat2,How many years R born a member of fraternity group2
mtfrat3,How many years R born a member of fraternity group3
mtserv1,Service club1 meets in this area
mtserv2,Service club2 meets in this area
mtserv3,Service club3 meets in this area
mtserv4,Service club4 meets in this area
mtserv5,Service club5 meets in this area
mtserv6,Service club6 meets in this area
mtserv7,Service club7 meets in this area
mtserv8,Service club8 meets in this area
mtvet1,Veteran group1 meets in this area
mtvet2,Veteran group2 meets in this area
mtvet3,Veteran group3 meets in this area
mtvet4,Veteran group4 meets in this area
mtvet5,Veteran group5 meets in this area
mtpolit1,Political club1 meets in this area
mtpolit2,Political club2 meets in this area
mtpolit3,Political club3 meets in this area
mtunion1,Labor union1 meets in this area
mtunion2,Labor union2 meets in this area
mtunion3,Labor union3 meets in this area
mtunion4,Labor union4 meets in this area
mtsport1,Sport club1 meets in this area
mtsport2,Sport club2 meets in this area
mtsport3,Sport club3 meets in this area
mtsport4,Sport club4 meets in this area
mtyouth1,Youth group1 meets in this area
mtyouth2,Youth group2 meets in this area
mtyouth3,Youth group3 meets in this area
mtyouth4,Youth group4 meets in this area
mtyouth5,Youth group5 meets in this area
mtschl1,School service group1 meets in this area
mtschl2,School service group2 meets in this area
mtschl3,School service group3 meets in this area
mtschl4,School service group4 meets in this area
mthobby1,Hobby club1 meets in this area
mthobby2,Hobby club2 meets in this area
mthobby3,Hobby club3 meets in this area
mtgreek1,School frarternity1 meets in this area
mtgreek2,School frarternity2 meets in this area
mtnat1,Nationality group1 meets in this area
mtnat2,Nationality group2 meets in this area
mtfarm1,Farm organization1 meets in this area
mtfarm2,Farm organization2 meets in this area
mtfarm3,Farm organization3 meets in this area
mtlit1,Military group1 meets in this area
mtlit2,Military group2 meets in this area
mtlit3,Military group3 meets in this area
mtlit4,Military group4 meets in this area
mtprof1,Professional society1 meets in this area
mtprof2,Professional society2 meets in this area
mtprof3,Professional society3 meets in this area
mtprof4,Professional society4 meets in this area
mtprof5,Professional society5 meets in this area
mtprof6,Professional society6 meets in this area
mtchurh1,Church group1 meets in this area
mtchurh2,Church group2 meets in this area
mtchurh3,Church group3 meets in this area
mtchurh4,Church group4 meets in this area
mtchurh5,Church group5 meets in this area
mtchurh6,Church group6 meets in this area
mtother1,Other group1 meets in this area
mtother2,Other group2 meets in this area
mtother3,Other group3 meets in this area
mtother4,Other group4 meets in this area
mtother5,Other group5 meets in this area
mtinfrm1,Informal group1 meets in this area
mtinfrm2,Informal group2 meets in this area
mtinfrm3,Informal group3 meets in this area
mtinfrm4,Informal group4 meets in this area
mtinfrm5,Informal group5 meets in this area
grpboth1,Both belong to the same group on the list
grpboth2,Both belong to the same group on the list
grpboth3,Both belong to the same group on the list
grpboth4,Both belong to the same group on the list
grpboth5,Both belong to the same group on the list
frstmet1,R first met the named alter in the group
frstmet2,R first met the named alter in the group
frstmet3,R first met the named alter in the group
frstmet4,R first met the named alter in the group
frstmet5,R first met the named alter in the group
yrskwn1,Years R has known the named1
yrskwn2,Years R has known the named2
yrskwn3,Years R has known the named3
yrskwn4,Years R has known the named4
yrskwn5,Years R has known the named5
relneg,Any turning point when less committed to religion
newsfrom,Main source of information about events in the news
scifrom,Main source of information about science and technology
seeksci,Probable source of information about scientific issues
nextgen,Science & tech. give more opportunities to next generation
toofast,Science makes our way of life change too fast
bettrlfe,Science makes our lives better
advfront,Sci Rsch is necessary and should be supported by federal govt
scispec,Science is too concerned with theory and speculation
leadsci,Shld pay attntn only to theory accepted by leading scientists
whichsci,Industry scientists less reliable than univeR'sity scientists
astrolgy,Ever read a horoscope or Personal astrology report
astrosci,Astrology is scientific
scibnfts,Benefits of sci research outweigh harmful results
balpos,Sci research is strongly in favor of benefits
balneg,Sci research is strongly in favor of harmful results
scistudy,R has clear understanding of scientific study
scitext,What it means to R to study scientifically
expdesgn,Better way to test drug btw control and non-control
exptext,Why is it better to test drug this way
odds1,Test of knowledge about probablity1
odds2,Test of knowledge about probablity2
hotcore,Sci knowledge: the center of earth is very hot
radioact,Sci knowledge: all radioactivity is man-made
boyorgrl,Sci knowledge: father gene decides sex of baby
lasers,Sci knowledge: lasers work by focusing sound waves
electron,Sci knowledge: electrons are smaller than atoms
viruses,Sci knowledge: antibiotics kill viruses as well as bacteria
bigbang,Sci knowledge: the universe began with a huge explosion
bigbang1,Universe began with a big explosion: true or false
bigbang2,Universe expanding since it began: true or false
condrift,Sci knowledge: the continents have been moving
evolved,Sci knowledge: human beings developed from animals
evolved1,Humans developed from earlier species: true or false
evolved2,Elephants evolved from earlier species: true or false
earthsun,Sci knowledge: the earth goes around the sun
solarrev,Sci knowledge: how long the earth goes around the sun
tomatoes,Regular tomatoes no genes
coldeg1,The highest degree R have earned
majorcol,The field of degree R earned
colsci,R has taken any college-level sci course
colscinm,Number of college-level sci courses R have taken
hsmath,The highest level of math R completed in high school
hsbio,R ever took a high school biology course
hschem,R ever took a high school chemistry course
hsphys,R ever took a high school physics course
gwsci,Understanding of global warming by environmnt scientists
gwpol,Understanding of global warming by elected officials
gwbiz,Understanding of global warming by business leaders
sciagrgw,Extent of agreement on global warming amg env scientists
sciinfgw,Influence on global warming policy: environmntal scientists
polinfgw,Influence on global warming policy: elected official
bizinfgw,Influence on global warming policy: business leader
scibstgw,Best policy vs narrow interest: environmental scientist
polbstgw,Best policy vs narrow interest: elected official
bizbstgw,Best policy vs narrow interest: business leader
gasregs,How much R favor requiring to make caR's using less gasoline
scmed,How well medical researcheR's understand stem cells
screlig,How well religious leaders understand stem cells
scpol,How well elected officials understand stem cells
medagrsc,Agreement by med researchers on importance of stem cell rsch
medinfsc,Influence on funding for stem cell rsch: medical researchers
relinfsc,Influence on funding for stem cell rsch: religious leaders
polinfsc,Influence on funding for stem cell rsch: elected officials
medbstsc,Best policy on stem cell vs narrow interest: med researcher
relbstsc,Best policy on stem cell vs narrow interest: relig leader
polbstsc,Best policy on stem cell vs narrow interest: elected official
scresrch,Government should fund stem cell research
txeco,How well economist knows effect of reducing fed income tax
txbiz,How well business leader knows effect of reducing fed inc tax
txpol,How well elected official knows effect of reducing fed inc tax
ecoagree,Agreement by economists on effect of reducing fed inc tax
ecoinftx,Influence on reducing fed inc taxby economists
bizinftx,Influence on reducing fed inc taxby business leaders
polinftx,Influence on reducing fed inc taxby elected officials
ecobsttx,Best policy vs narrow interest on fed inc tax: economist
bizbsttx,Best policy vs narrow interest on fed inc tax: business leader
polbsttx,Best policy vs narrow interest on fed inc tax: elected official
gmmed,How well med researcher know risk by genetically modified foods
gmpol,How well elected official know risk by genetically modified foods
gmbiz,How well business leader know risk by genetically modified foods
medagrgm,Med researcher: agreement on effect of genetically modified food
medinfgm,Influence on restricting gmf by medical researcheR's
polinfgm,Influence on restricting gmf by elected officials
bizinfgm,Influence on restricting gmf by business leaders
medbstgm,Best policy on gmf vs narrow interest: medical researcher
polbstgm,Best policy on gmf vs narrow interest: elected official
bizbstgm,Best policy on gmf vs narrow interest: business leader
eatgm,R's view about eating genetically modified foods
sciimp1,How important: done by scientists in univeR'sity settings
sciimp2,How important: having advanced degrees in their fields
sciimp3,How important: conclusion based on solid evidence
sciimp4,How important: examining different interpretation of results
sciimp5,How important: results consistent with religious beliefs
sciimp6,How important: results consistent with common sense
sciimp7,How important: repeating experiment & finding same result
sciimp8,How important: research takes place in a laboratory
socsci,How scientific: sociology
physcsci,How scientific: physics
histsci,How scientific: history
accntsci,How scientific: accounting
biosci,How scientific: biology
econsci,How scientific: economics
medsci,How scientific: medicine
engnrsci,How scientific: engineering
knwforgn,Level of R's information: foreign policy
knwecon,Level of R's information: economic policy
knwsci,Level of R's information: science and technology
knwgw,Level of R's information: global warming
knwpolar,Level of R's information: the north and south poles
tvbears,R would choose TV program about polar bears
tvinuit,R would choose TV program about native ppl in the arctic
tvozone,R would choose TV program about ozone hole over the antarctic
tvmeltng,R would choose TV program about polar ice melting
tvoil,R would choose TV program about oil drilling in the arctic
polaryr1,Intl polar year 07-08:R would watch a TV program
polaryr2,Intl polar year 07-08:R would read a newspaper article
polaryr3,Intl polar year 07-08:R would read a magazine article
polaryr4,Intl polar year 07-08:R would go to museum
polaryr5,Intl polar year 07-08:R would watch a feature film
polaryr6,Intl polar year 07-08:R would read a book
polaryr7,Intl polar year 07-08:R would visit a web site
polaryr8,Intl polar year 07-08:R would attend a live lecture
icesheet,True-false: the north pole is on a sheet of ice
nosun,True-false: the sun never shines at the south pole
inuit,True-false: inuit live north of the arctic circle
huntbear,True-false: hunting make polar bear extinct than climate change
icecaps,Polar ice caps got larger or smaller over last 25 yrs
comorsci,Antarctica should be reserved or open
extinct,Effect of global warming: polar beaR's become extinct
sealevel,Effect of global warming: sea level flood coastal areas
artseals,Effect of global warming: arctic seals are threatened
penguins,Antarctic penguins threatened
inuitway,Effect of global warming: inuit no longer follow traditional way of life
noicecap,Effect of global warming: northern ice cap melt
caremost,Most concerned possible effect of global warming
nanotech,How much R heard about nanotechnology
nanoknw1,True-false: nanotechnology manipulate extremely small units
nanoknw2,True-false: nanoscale differ from same material at larger scale
nanowill,Benefit of nanotechnology outweigh harmful results
nanoben,Balance will be strongly in favor of the benefits or slightly
nanoharm,Balance will be strongly in favor of the benefits or slightly
scimode,Was SAQ self administered or interview administered
sciintro,Which version of science introduction was used
visart,How often R visited art museum last year
visnhist,How often R visited natural history museum last year
viszoo,How often R visited zoo last year
vissci,How often R visited science museum
vislib,How often R visited public library last year
scimath,Quality of science & math educ in us is inadequate
anscitst,Scientists shld be allowed to do research animals' pain & injury
maboygrl,Does mom's gene decide baby's sex
h2olife,What property of water is most important
anheat,Which bodily features be best suited to a small animal living in a cold climate
lftplane,Key factor that enables airplane to lift
stormtxt,Do you see lightning before hearing thunder
litmstxt,Why litmus paper doesn't change color in mixed solution
goldfish,Experiment about goldfish and temperature
salth2o,Ocean water for vegetables
erosion,Example of erosion
genes,Traits are transferred over generation
gills,How fish get oxygen
upbreath,Why short breath at the top of a mountain
daynight,When did most errors occur
weighing,Which is the best method to report weight of leaf
seesand,Which picture shows what she should use for the 2nd pot
fishexp1,What is scientist trying to find out from this experiment
fishexp2,Why did you choose that answer
morempg,Cars use less gasoline
polnuke,How well elected official know risk by nuclear power
biznuke,How well business leader know risk by nuclear power
engnuke,Nuclear engineers understand nuclear power
engagrnk,Engineers agree nuclear power
enhinfnk,Nuclear engineers how much influence
polinfnk,Elected officials how much influence
bizinfnk,Business leaders how much influence
engbstnk,Nuclear engineers best for country
polbstnk,Elected officials best for country
bizbstnk,Business leaders best for country
nukeelec,View about nuclear energy
cloning,Cloning makes identical copy
scinews1,Newspaper printed or online
scinews2,Magazine printed or online
scinews3,Where online get info
newsfrmy,Where news events info
scifromy,Where get science and technology info
seeksciy,Where get science issue news
sciinfgo,Where online get info
scientda,Happy if daughter scientist
scientsn,Happy if son scientist
scientr,Consider career in science
scientdo,Know what scientists do
sciental,Scientists usually work alone
scientdn,Scientific work dangerous
scientgo,Scientists work for good of humanity
scientfu,Scientists don? have fun
scienthe,Scientists help solve prob
scientod,Scientists odd and peculiar
scientbe,Scientists want to make life better for avg person
scientre,Scientists not religious
scientwk,Scientists only interested in work
scientmo,Scientists earn less
scientbr,Being a scientist boring
engda,Happy if daughter engineer
engson,Happy if son engineer
engresp,Consider work in engineer field
engdo,Know what engineers do
englone,Engineers usually work alone
engdgr,Engineering work dangerous
enggood,Engineers work for good of humanity
engfun,Engineers don? have fun
engprob,Engineers help solve prob
engodd,Engineers odd and peculiar
engbtr,Engineers want to make life better for avg person
engrel,Engineers not religious
engint,Engineers only interested in work
engearn,Engineers earn less
engbrng,Being engineer boring
farming,How scientific is farming
journlsm,How scientific is journalism
fireftng,How scientific is firefighting
marrcoun,How scientific is marriage counseling
medtreat,How scientific is medical treatment
architct,How scientific is architecture
lawenfrc,How scientific is law enforcement
engnring,How scientific is engineering
slsmnshp,How scientific is salesmanship
cmprgmng,How scientific is computer programming
finlcoun,How scientific is financial counseling
buyvalue,Percent of company stock R bought from own money
ops2005,Company granted R stock options in 2005
extr2005,Received performance based payment in 2005
compwage,Annual wages in previous year were higher than same jobs in other companies
talkteam,If employee not working: talk directly to the employee
numorg,Number of people working in organization at all locations
empinput,R involved in any task force for decision-making
slfmangd,R involved in a self-managed team
emptrain,Received formal training from employer
wealth,Total wealth of respondent
esop,R is member of esop
defpensn,R has defined benefit pension plan
trdestck,Company stock publicly traded
buyesop,Does employee ownership matter when R thinks about buying from a company
esopnot,Would R rather work for a company with an ESOP or cash sharing
company,Which company would R prefer to work for
viglab06,X is experiencing alchl dependencedepression schizophrenia
mhtrtoth,R Personally has known someone who received treatment
mhothyou,How much distress his mental health problem caused r
mhothrel,Result of mental health problem to relationship with him
seemhpub,How frequently R sees someone mentally ill in public
gesttalk,How often R see people making strange gesture in public
avoidmh,R changed shopping place due to presence of mentally ill ppl
numknown,Variable that drives skips in module
acqkevin,Number of Kevin R is acquainted with
acqkaren,Number of Karen R is acquainted with
acqshawn,Number of Shawn R is acquainted with
acqbrnda,Number of Brenda R is acquainted with
acqkeith,Number of Keith R is acquainted with
acqrachl,Number of Rachel R is acquainted with
acqmark,Number of Mark R is acquainted with
acqlinda,Number of Linda R is acquainted with
acqjose,Number of Jose R is acquainted with
acqmaria,Number of Maria R is acquainted with
acqunemp,Number of ppl currently unemployed R is acquainted with
acqhome,Number of ppl owning second home R is acquainted with
acqprisn,Number of ppl in prison R is acquainted with
acqasian,Number of Asian R is acquainted with
acqblack,Number of black R is acquainted with
acqhisp,Number of Hispanic R is acquainted with
acqwhite,Number of white R is acquainted with
acqgay,Number of gay R is acquainted with
acqcohab,Number of cohabiting pplR is acquainted with
acqgoatt,Number of regular church attendee R is acquainted with
acqnoatt,Number of non church attendee R is acquainted with
acqlib,Number of strong liberal R is acquainted with
acqcon,Number of strong conservative R is acquainted with
acqcops,Number of police officer R is acquainted with
acqlaws,Number of lawyer R is acquainted with
acqsocs,Number of social worker R is acquainted with
acqjans,Number of janitor R is acquainted with
acqchild,Number of child care worker R is acquainted with
acqelecs,Number of electrician R is acquainted with
acqmils,Number of ppl in military service R is acquainted with
acqfmmrk,Number of family member named Mark
acqfmlin,Number of family member named Linda
acqfmune,Number of unemployed family member
acqfmhme,Number of family member owning second home
acqfmpri,Number of family member in prison
acqfmasn,Number of Asian family member
acqfmblk,Number of black family member
acqfmhsp,Number of Hispanic family member
acqfmwht,Number of white family member
acqfmgay,Number of gay family member
acqfmgo,Number of family member going church regularly
acqfmno,Number of family member not going church
acqfmlib,Number of liberal in family member
acqfmcon,Number of conservative in family member
acqfmcoh,Number of cohabiting family member
acqnhmrk,Number of Mark in neighborhood
acqnhlin,Number of Linda in neighborhood
acqnhune,Number of ppl unemployed in neighborhood
acqnhhme,Number of ppl owning second home in neighborhood
acqnhpri,Number of ppl in prison in neighborhood
acqnhasn,Number of Asian in neighborhood
acqnhblk,Number of black in neighborhood
acqnhhsp,Number of Hispanic in neighborhood
acqnhwht,Number of white in neighborhood
acqnhgay,Number of gay in neighborhood
acqnhgo,Number of regular church attendee in neighborhood
acqnhno,Number of non church attendee in neighborhood
acqnhlib,Number of liberal in neighborhood
acqnhcon,Number of conservative in neighborhood
acqnhcoh,Number of cohabiting ppl in neighborhood
acqwkmrk,Number of Mark in current or previous work
acqwklin,Number of Linda in current or previous work
acqwkune,Number of ppl unemployed in current or previous work
acqwkhme,Number of ppl owning second home in current or previous work
acqwkpri,Number of ppl in prison in current or previous work
acqwkasn,Number of Asian in current or previous work
acqwkblk,Number of black in current or previous work
acqwkhsp,Number of Hispanic in current or previous work
acqwkwht,Number of white in current or previous work
acqwkgay,Number of gay in current or previous work
acqwkgo,Number of regular church attendee in current or previous work
acqwkno,Number of non church attendee in current or previous work
acqwklib,Number of strong liberal in current or previous work
acqwkcon,Number of strong conservative in current or previous work
acqwkcoh,Number of cohabiting ppl in current or previous work
acqvamrk,Number of Mark in voluntary association
acqvalin,Number of Linda in voluntary association
acqvaune,Number of unemployed ppl in voluntary association
acqvahme,Number of ppl owning second home in voluntary association
acqvapri,Number of ppl in prison in voluntary association
acqvaasn,Number of Asian in voluntary association
acqvablk,Number of black in voluntary association
acqvahsp,Number of Hispanic in voluntary association
acqvawht,Number of white in voluntary association
acqvagay,Number of gay in voluntary association
acqvago,Number of regular church attendee in voluntary association
acqvano,Number of non church attendee in voluntary association
acqvalib,Number of liberal in voluntary association
acqvacon,Number of conservative in voluntary association
acqvacoh,Number of cohabiting ppl in voluntary association
acqreps,Number of republican R is acquainted with
acqdems,Number of democrat R is acquainted with
acqattnd,Number of regular church attendee R is acquainted with
acqmyrac,Proportion of same race as R among all acquaintances
trtkevin,Number of Kevin R trust
trtkaren,Number of Karen R trust
trtshawn,Number of Shawn R trust
trtbrnda,Number ofBrenda R trust
trtkeith,Number ofKeith R trust
trtrachl,Number ofRachel R trust
trtmark,Number ofMark R trust
trtlinda,Number ofLinda R trust
trtjose,Number ofJose R trust
trtmaria,Number ofMaria R trust
trtcops,Number of police officer R trust
trtlaws,Number of lawyer R trust
trtsocs,Number of social worker R trust
trtjans,Number of janitor R trust
trtchild,Number of child care worker R trust
trtelecs,Number of electrician R trust
trtmils,Number of ppl in military service R trust
trtunemp,Number of ppl unemployed R trust
trthome,Number of ppl owning second homeR trust
trtprisn,Number of ppl in prisonR trust
trtasian,Number of Asian R trust
trtblack,Number of black R trust
trthisp,Number of Hispanic R trust
trtwhite,Number of white R trust
trtgay,Number of gay R trust
trtcohab,Number of cohabiting ppl R trust
trtgoatt,Number of church attendeeR trust
trtnoatt,Number of non church attendeeR trust
trtlib,Number of strong liberalR trust
trtcon,Number of strong conservativeR trust
trtreps,Proportion of republican R trust
trtdems,Proportion of democrat R trust
trtattnd,Proportion of regular church attendee R trust
trtmyrac,Proportion of same race as R among ppl R trust
gunsales,Should background check be required for private gun sale
gunsdrug,Should penalty for illegal gun sale be tougher than drug
semiguns,Should semi-auto gun sale be limited to military
guns911,Should gun control law be stricter after 911
rifles50,Should high power rifle sale be limited to military
othguns,Number of adult owing a gun in household
gunsdrnk,Should carrying a firearm drinking alcohol be illegal
spnatdis,Should govt spend more or less on natural disasters
natdisin,Should helping ppl in natural disaster be govt resp
natdiscm,Should rebuilding community in disaster be govt resp
newsprnt,How often Does R read traditional newspaper
getaheay,Opinion of why people get ahead
disabld1,R has a hearing problem
disabld2,R has a vision problem
disabld3,R has a physical disability
disabld4,R has other physical disability
disabld5,R has emotional or mental disability
disabld6,R has difficulty in learning remembering or concentrating
disabld7,R has difficulty in daily activities
vigvermy,Vignette version
mhproblm,How serious X s situation is
mhdofam,What X should do: talk to family
mhdofrnd,What X should do: talk to friends
mhdorel,What X should do: talk to relic leader
mhdodoc,What X should do: go to doctor
mhdopsyc,What X should do: go to psychiatrist
mhdomhp,What X should do: go to counselor
mhdoheal,What X should do: go to spiritual healer
mhdootc,What X should do: take non-prescription medication
mhdorx,What X should do: take prescription medication
mhdohosp,What X should do: check into a hospital
mhdopray,What X should do: pray
mhdolife,What X should do: change lifestyle
mhdoherb,What X should do: take herbs
mhdofrgt,What X should do: try to forget
mhdoactv,What X should do: get involved in other activities
mhdogrp,What X should do: get involved in a group
mhdodiet,What X should do: eat better
mhdoexrc,What X should do: start exercising
mhdomove,What X should do: move to another location
mhdooth,What X should do: other mentions
mhdonone,What X should do: nothing
mhchrctr,X s situation caused by: bad character
mhbrain,X s situation caused by: brain disease
mhraised,X s situation caused by: the way raised
mhstress,X s situation caused by: stress
mhgenes,X s situation caused by: genetic problem
mhgod,X s situation caused by: god s will
mhluck,X s situation caused by: bad luck
mhupdown,X is experiencing normal ups-and-downs of life
mhillnss,X is experiencing mental illness
mhphyscl,X is experiencing physical illness
mhneihbr,R would have X as a neighbor
mhsocial,R would spend time socializing with X
mhkdcare,R would have X care for your children
mhfriend,R would make friends with X
mhwkwith,R would work closely with X on a job
mhwedrel,R would have X marry someone related to you
mhimpown,How likely X s situation will improve on its own
mhimptrt,How likely X s situation will improve with treatment
mhdecslf,How able is X to decide whether to receive treatment
mhmoney,How able is X to decide on managing own money
mhoutsdr,Getting treatment would make X outsider in community
mhlosefr,X would lose friends if people know his her treatment
mhlessop,X s opportunities limited if people know his her treatment
mhuneasy,Being around X would make me feel uncomfortable
mhunsure,People like X are unpredictable
mhintl,People like X are just as intelligent as anyone else
mhnotpol,People like X shouldn't be allowed to hold public office
mhhrdtlk,People like X are hard to talk to
mhnokids,People like X shouldn't be allowed to have children
mhcreatv,People like X are more creative than others
mhnervs,Being around X would make me feel nervous
mhprdctv,People like X are just as productive as others
mhfeelem,X should feel embarrassed
mhtrusty,People like X are just as trustworthy as anyone else
mhaccptd,Person like X has no hope of being accepted as member
mhhired,X should be hired like others
mhnotell,X should feel afraid to tell about his situation
mhsecret,X s family better off if kept secret
mhsupwrk,People like X shouldn't be allowed to supervise others at work
mhnotch,People like X shouldn't be allowed to teach children.
mhhlpfam,How important: turn to family for help
mhhlpfrd,How important: turn to friends for help
mhhlprel,How important: turn to religious leader
mhhlpgp,How important: go to medical doctor for help
mhhlppsy,How important: go to psychiatrist for help
mhhlpmhp,How important: go to mental health professional
mhgvtjob,Govt responsibility: provide job for x
mhgvthlt,Govt responsibility: provide health care for x
mhgvthme,Govt responsibility: provide housing for x
mhgvtedc,Govt responsibility: provide financial help for education
mhgvtdis,Govt responsibility: provide disability benefits for x
mhslfshm,X should be ashamed to receive govt assistance
mhfamshm,X family should be ashamed to receive govt assistance
mhseedoc,X should be forced to be examined at a clinic by law
mhmeds,X should be forced to take prescribed medication by law
mhhsptrt,X should be forced to be hospitalized for treatment by law
mhmnthsp,X should be forced to go to mental hospital by law
mhviooth,How likely X violent toward other people
mhvioslf,How likely X violent toward him herself
mhcause,What caused X s situation
mhtrtot2,R knows someone who received treatment for mental health
mhdiagno,R knows someone who has been diagnosed with a mental health problem
mhclsoth,Closeness to person with mental health problem
mhseroth,How serious his her mental health problem was
mhhlpoth,How the treatment helped him/her with mental health problem
mhresoth,How much responsibility R had for this person
mhdisoth,How much distress this person caused R
mhreloth,Relationship with this person as a result of mental health problem
mhexpoth,Effect of experiences with this person
mhtrtslf,R have ever personally received treatment for mental health problem
mhseepub,How often R sees someone with mental health problem in public places
mhfright,How frightening most people are in public places
mhsymp,How much R feels sympathy for ppl with mental hlth problem in public places
startbiz,R trying to start business
ownbiz,R owns business
numown,Number of businesses you own and manage
yearbiz,Year business started
paidemps,R has paid employees
bizgross,Business revenue last year
bizshare,Percentage ownership R holds
owninc,Amt of household income coming from this business
whybiz,Why did R start business
numemps5,How many people R employs 5 yrs after
spjrel16,Religion in which spouse raised
spjoth16,R's spouse raised Jewish
majwoth,R's mom was Jewish when R was growing up
pajwoth,R's dad was Jewish when R was growing up
bmitzvah,R had bar or bat mitzvah when R was a child
synmem,"R belongs to a synagogue, temple, minyan, or high holiday congregation"
kd1relig,Religion of R's child 1
kd2relig,Religion of R's child 2
kd3relig,Religion of R's child 3
kd4relig,Religion of R's child 4
kd5relig,Religion of R's child 5
kd6relig,Religion of R's child 6
kd7relig,Religion of R's child 7
kd8relig,Religion of R's child 8
kd1jwoth,R's child 1 considered Jewish
kd2jwoth,R's child 2 considered Jewish
kd3jwoth,R's child 3 considered Jewish
kd4jwoth,R's child 4 considered Jewish
kd5jwoth,R's child 5 considered Jewish
done911a,Has R developed emergency plans
eff911a,How effective R thinks developing emergency plans
done911b,Has R stockpiled supplies
eff911b,How effective R thinks stockpiling supplies
done911c,Has R purchased things to make them safer
eff911c,How effective R thinks purchasing things to make them safer
done911d,Has R learned where to get more info about terrorism
eff911d,How effective R thinks learning where to get info about terrorism
done911e,Has R duplicated important documents
eff911e,How effective R thinks duplicating important documents
done911f,Has R reduced air travel
eff911f,How effective R thinks reducing air travel
done911g,Has R reduced travel by train
eff911g,How effective R thinks reducing travel by train
done911h,Has R reduced use of public transportation
eff911h,How effective R thinks reducing use of public transportation
done911i,Has R changed mail handling procedures
eff911i,How effective R thinks changing mail handling procedures
done911j,Has R become vigilant of what is going on around R
eff911j,How effective R thinks becoming vigilant
done911k,Has R avoided travel to certain cities
eff911k,How effective R thinks avoiding travel to certain cities
done911l,Has R avoided tall buildings
eff911l,How effective R thinks avoiding tall buildings
done911m,Has R avoided national landmarks
eff911m,How effective R thinks avoiding national landmarks
done911n,Has R done anything else to deal with terrorism
eff911n,How effective R thinks that is
doneelse,Specify what it is R has done
work3yrs,How many full time jobs R has in past 3 yrs since 2005
curempyr,How many yrs R worked for current employer
paychnge,How much Has R pay changed on R's current job since R began
pastpay,Was R's starting pay higher/lower/same as earning in previous job
whyleave,Why R left last job
whyjbct1,Why job abolished or laid off
whyjbct2,Why job abolished or laid off
losejb12,How likely R will lose job or laid off in next 1 yr
whylose1,Why that much possibility of job abolished or laid off
whylose2,Why that much possibility of job abolished or laid off
whylose3,Why that much possibility of job abolished or laid off
findnwjb,How likely R to find job with same/better benefit
moretrde,"More trade, less jobs in usa"
newjobs,Jobs created are better than R's current job
lostjobs,Jobs taken away are better than R's current job
wkcomptr,Use computer at work
wocomptr,R can do job without computer
autonojb,R heard of persons in R's firm having jobs replaced by computers
meetf2f1,"How often meet face to face with customers, clients, patients"
meetf2f2,How often meet face to face with co-workers to work on projects
lastyrwk,"Thinking about last full-time job, what yr R worked last"
leavejb,Why did R leave last job
whynojb1,Why job abolished or laid off
whynojb2,Why job abolished or laid off
inclstjb,Earnings from all sources for this job
bornsp,In what country were you born
agecmeus,"If born outside usa, what age were you when you permanently moved to usa"
visa,Do you hold a special visa
typevisa,What kind of visa
natdeg,In which country did you obtain your highest degree?
emphlth,Do you receive health insurance from employer
emphplan,Name of insurance or hmo
othplan,Other name for insurance or hmo policy
sexsex18,"Since age 18, have your sex partner's been..."
toldsmsx,At what age you first told someone that you had sex with same sex
attractd,At what age were you first sexually attracted to same sex
toldsxor,At what age you first told someone that you were gay/les/bi
relgendr,What is your relationship situation
marunion,Legal marital status
sexunion,Sex of R's spouse/civil union partner/domestic partner
evkid,Have ever given birth to/fathered a child
adoptkid,Have ever legally adopted a child
kidlived,Children under 18 have ever lived with R under R's care
kidresp,R is legally responsible biological/adoptive parent of a child under 18
kidnow1,R's children under 18 living with R
kidnow2,R is living in a hh where children under 18 are living with R under R's care
toldwork,How many of R's coworkers know R is gay/les/bi
evlosejb,"In life, R has ever been denied a job or fired bc employers believed R was gay/l"
losejob5,"In last 5 yrs, R has been denied a job or fired bc employer believed R was gay/l"
evnegjob,"In life, R ever been denied promo or recvd bad evaluation bc employr belivd R wa"
negjob5,"In last 5 yrs, R been denied promo or recvd bad evaluation bc employr belivd R w"
evharjb,"In life, R has ever been harassed on job bc R was believed to be gay/les/bi"
harjob5,"In last 5 yrs, R has ever been harassed on job bc R was believed to be gay/les/b"
evdwell,"In life, R has ever been prevented from moving bc landlord believed R was gay/le"
dwell5,"In last 5 yrs, R has been prevented from moving bc landlord believed R was gay/l"
emphlth1,Current employer offer health care insurance to R as employee
emphlth2,Employers coverage
hlthcovr,R has health insurance coverage
hlthtype,Source of health insurance
sppart,R's current insurance plan covers spouse
mykids,R's current insurance plan covers children
othkids,R's current insurance plan covers children for whom R not a bio/adoptive parent
harsexjb,R has been the object of sexual advances/propositions from supervisor's
harsexcl,Since 18 R has ever found self the object of sexual advances from religious lead
ownclerg,Did this happen with a leader in congregation R was attending
numclerg,With how many different leaders has this happened to you
openrel1,R and leader ever become an openly acknowledged couple
openrel2,R and leader ever become an openly acknowledged couple
openrel3,R and leader ever become an openly acknowledged couple
counsel1,Leader1 was R's counselor
counsel2,Leader2 was R's counselor
counsel3,Leader3 was R's counselor
clrgmar1,Leader1 was married at the time
clrgmar2,Leader2 was married at the time
clrgmar3,Leader3 was married at the time
clrgsex1,R had sexual contact with leader1
clrgsex2,R had sexual contact with leader2
clrgsex3,R had sexual contact with leader3
clrggen1,Sex of leader1
clrggen2,Sex of leader2
clrggen3,Sex of leader3
ongorel1,R had an ongoing relationship with leader1
ongorel2,R had an ongoing relationship with leader2
ongorel3,R had an ongoing relationship with leader3
hushrel1,Leader1 tried to keep R from telling other people about the relationship
hushrel2,Leader2 tried to keep R from telling other people about the relationship
toldexp1,R has ever told anyone about experience with leader1
toldexp2,R has ever told anyone about experience with leader2
toldexp3,R has ever told anyone about experience with leader3
toldrel1,R ever told any authority in congregation about experience with leader1
toldrel2,R ever told any authority in congregation about experience with leader2
toldrel3,R ever told any authority in congregation about experience with leader3
knwclsex,R knows other people who were obj of sexual advances
clsclsex,Any of them were close friends or family members
clrgmode,Was SAQ self administered or interview administered
prespop,Approve of pres handling job
volactyr,Since last yr any volunteering
volacty2,Done other types of volunteering for child's school or youth org
polefy3,Avg citizen influence on politics
polefy11,How much say about what govt does
polefy13,Understand issues facing country
polefy15,How informed about politics
polefy16,How often congress keeps promises
polefy17,How many govt admins can be trusted to do what's best
ratetone,R's facial coloring by interviewer
pubdef,Should media publish defense plans
pubecon,Should media publish economic plans?
obeylaw,Should people obey laws without exceptn?
protest1,Allow public meetings protesting govt
protest2,Allow publications protesting govt
protest3,Allow demonstrations protesting govt
protest4,Allow occupation of govt office
protest5,Allow damage of govt buildings
protest6,Allow national anti-govt strike
revspeak,Allow revolutionary public meetings
revtch15,Allow revolutionaries to teach children
revpub,Allow revolutionaries to publish books
racspeak,Allow racists to hold public meetings
ractch15,Allow racists to teach 15 yr. olds
racpub,Allow racists to publish books
crimtail,Should police tail a known criminal?
crimtap,Should police tap phone of a criminal?
crimread,Should police open mail of a criminal?
crimhold,Should police detain a known criminal?
mantail,Should police tail a suspect?
mantap,Should police tap phone of a suspect?
manread,Should police open mail of a suspect?
manhold,Should police detain a suspect?
verdict,Worse type of judicial mistake
databank,Computer data threat to individual privacy
progtax,How much income tax should rich pay?
eqincome,Govt should redistribute wealth
oprich,Child of rich has better opportunity
opprof,Child of profssnl has better opportunity
opfamily,Family bkgd determines success in U.S.
fecolop,College opportunities for women
fejobop,Job opportunities for women
feinc,Income for women vs. men with same bkgd
fehlpbus,Govt should aid women seeking jobs
fehlpcol,Govt should aid women seeking higher ed
fehlpjob,Women should be given preference in jobs
hsbasics,"School subjects: reading, writing, math"
hssexed,School subjects: sex education
hsrespct,School subjects: respect for authority
hslibart,"School subjects: history, liter., arts"
hsjudge,School subjects: good judgment
hsjobtr,School subjects: job training
hssci,School subjects: science and technology
hscaring,School subjects: concern for others
hsorder,School subjects: discipline and order
colop,Should chances for college be changed?
aidneedy,Govt money for low income students
aidsmart,Govt money for high achieving students
aidavg,Gov $ for stdnts with avg inc and grades
kiddrugs,Govt intervene: child uses drugs
kidskips,Govt intervene: child skips school
kidout,Govt intervene: child stays out late
kidneedy,Govt intervene: child is neglected
kidbeat,Govt intervene: child is abused
kidhlth,Govt intervene: child not givn med trtmt
kidedpar,Govt intervene: child not sent to school
kidxfilm,Govt intervene: chld allowed to see porn
beltup,Govt should require use of seat belts
nosmoke,Gov should prohibit smoking in pub areas
mustret,Govt should enforce mandatory retirement
poleff1,Public has little control over politics
poleff2,Not worth talking to politicians
poleff3,Avg person can influence politicians
poleff4,Avg person can influence local govt
poleff5,People like me have much to say re govt
poleff6,Avg person can influence govt decisions
poleff7,Govt is generally responsive to public
poleff8,I am usually interested in local elections
poleff9,People can control world affairs
poleff10,The world is getting better
setwage,Govt control of wages
setprice,Govt control of prices
cutgovt,Cuts in govt spending
makejobs,Govt create new jobs
lessreg,Less govt regulation of business
hlphitec,Govt support for new products and tech
savejobs,Govt support for declining industries
cuthours,Reduction in length of work week
spenviro,Govt spending on environment
sphlth,Govt spending on health
sppolice,Govt spending on law enforcement
spschool,Govt spending on education
sparms,Govt spending on defense
spretire,Govt spending on retirement benefits
spunemp,Govt spending on unemployment benefits
sparts,Govt spending on culture and the arts
inctax,Amount of tax on R's household income
bustax,Amount of tax on business and industry
infljobs,Top priority of govt: inflation or jobs?
laborpow,Power of labor unions in R's country
buspow,Power of business and industry
govtpow,Power of federal govt
ownpower,Govts role in electric power
ownmass,Govts role in local mass transportation
ownsteel,Govts role in the steel industry
ownbanks,Govts role in banking and insurance
ownautos,Govts role in automobile industry
jobsall,Govts resp: provide jobs for all
pricecon,Govts resp: keep prices under control
hlthcare,Govts resp: provide hlth care for sick
aidold,Govts resp: provide for the elderly
aidindus,Govts resp: assist industrial growth
aidunemp,Govts resp: provide for the unemployed
equalize,Govts resp: reduce income differences
aidcol,Gov. should assist low-income college student
aidhouse,Gov. should provide housing to poor
protstrs,Feel about people protest gov
revoltrs,Feel about people want to overthrow gov
racists,Feel about people who are racist
unionsok,How good union for the country
polint,Your interest in politics
rprtst1,Would you attend a public meeting
rprtst3,Would you go on a protest march-demonstration
rprtst15,How many times be a public meeting past 5 yrs
rprtst35,How many times gone on a protest march past 5 yrs
grnlaws,Gov resp tomake industry less damaging
gendereq,Gov resp to promote equality
prvdhlth,Who provides for sick people
prvdold,Who provides for old people
prvdschl,Who provides school educ
gvinflu1,What peo or org have most inf
gvinflu2,What peo or org have 2nd most inf
polgbeco,What is your view on politics in us & world
poleff11,Don't have any say about what the government does
poleff12,Even best politician cannot have much impact
poleff13,Have a pretty good understanding of issues
poleff14,Elections a good way of making gov pay attention
poleff15,Most people better informed about politics than I
poleff16,People elected to congress try to keep promises
poleff17,Most government administratoR's can be trusted
demworks,How well the system of democracy in America works?
taxspend,Choice between reducing taxes or spending more
taxpaid,Do authorities ensure taxes are paid
taxbylaw,Do authorities tax legally
brlawfl,Do private companies comply with regulations
brnotax,Do private companies avoid taxes
runpower,Electric power should mainly be run by private
runhosp,Hospitals should mainly be run by private
runbanks,Banks should mainly be run by private
cutdebt,Should the government cut debt?
helphlth,How successful is govt: providing hlth care for the sick
helpold,How successful is govt: decent standard of living for the old
helpsec,How successful is govt: dealing with America s security
helpcrim,How successful is govt: controlling crime
helpemp,How successful is govt: fighting unemployment
helpenv,How successful is govt: protecting environment
cctv,Civil liberties - video surveillance
emonitor,Civil liberties - monitor emails
govtinfo,Should govt info be public
givinfusa,Should govt collect citizen info without knowledge
givinffor,Should govt collect foreigner info without knowledge
wotrial,Should authorities have right to detain the suspected
tapphone,Should authorities have right to tap phone conveR'sation
stoprndm,Should authorities have right to search ppl in the street
fewtrsty,There are only a few people R can trust completely
exploit,Other people take advantage of R if not careful
youinflu,How often R is asked to help influence important decision
hlpinflu,Does R have people to ask to influence important decision
polsfair,Opinion of fairness of public official s treatment
knowpols,Public official s treatment depends on who they know
corrupt1,Opinion of corruption by politician
corrupt2,Opinion of corruption by government administrators
bribe,Does R see public official asking for a bribe in last five years
peocntct,How many people in contact in a typical weekday
malive,Mother still alive?
mavisit,How often visit mother
matime,Travel time to mother
macall,Contact with mother
palive,Father still alive?
pavisit,How often visit father
patime,Travel time to father
pacall,Contact with father
sisnum,Number of adult sister's
sisvisit,How often visit sister
sistime,Travel time to sister
siscall,Contact with sister
bronum,Number of adult brothers
brovisit,How often visit brother
brotime,Travel time to brother
brocall,Contact with brother
daunum,Number of adult daughteR's
dauvisit,How often visit with daughter
dautime,Travel time to daughter
daucall,Contact with daughter
sonnum,Number of adult sons
sonvisit,How often visit son
sontime,Travel time to son
soncall,Contact with son
posslq,Does R have marital partner
posslqy,Relationship status and cohabitation or not
marcohab,Cohabitation status
grparnum,Number of grandparents
grkidnum,Number of adult grandchildren
unaunum,Number of aunts and uncles
inlawnum,Number of in-laws
relnum,"Number of adult nieces, nephews, etc"
relmost,Adult relative R has most contact with
relvisit,How often visit most contacted rel
reltime,Travel time to most contacted rel
relcall,Contact with most contacted rel
frinum,Number of close friends
friwork,Number of close friends are coworkers
frineigh,Number of close friends are neighbors
frisex,Sex of closest friend
frivisit,How often visit closest friend
fritime,Travel time to closest friend
fricall,Contact with closest friend
chores1,Help for household tasks #1
chores2,Help for household tasks #2
sick1,Help if sick #1
sick2,Help if sick #2
borrow1,Borrow money #1
borrow2,Borrow money #2
upset1,Help for marital problem #1
upset2,Help for marital problem #2
down1,Help for depression #1
down2,Help for depression #2
change1,Help regarding important change #1
change2,Help regarding important change #2
livecom,"Length of residence in city, town, comm"
livehome,Length at present dwelling
matime1,How long does it take to get to where mother live
sibnum,Number of adult sister or brother
sibmost,Do R have the most contact with sister or brother
sibvisit,How often does R visit this sister or brother
sibcall,How often does R contact by telephone or letter
kidnum,Number of children age 18 and older
kidmost,Do R have the most contact with son or daughter
kidvisit,How often does R visit this son or daughter
kidcall,How often does R contact by telephone or letter
pavisit1,How often does R visit father
pacall1,How often does R contact father by telephone
mavisit1,How often does R visit mother
macall1,How often does R contact mother by telephone
uncaunts,How often does R contact uncles or aunts
cousins,How often does R contact cousin
parslaw,How often does R contact parents-in-law
sibinlaw,How often does R contact brothers or sister's-in-law
niecenep,How often does R contact nieces and nephews
godparts,How often does R contact god-parents
cowrkfrd,Number of close friends at work place
neifrd,Number of close friends who live near R
bestfrd,Number of other close friends
bstvisit,How often does R visit best friend
bstcall,How often does R call best friend
grppol,Participated in activity of political party
grpunion,Participated in activity of a trade union
grpchurh,Participated in activity of church past 12 months
grpsport,Participated in sports group past 12 months
grpchrty,Participated in a charitable org past 12 months
grpnei,Participated in a neighbor association past 12 months
grpoth,Participated in other associations past 12 months
sick1a,Who does R turn to first for help when sick
sick2a,Who does R turn to second for help when sick
borrow1a,Who does R turn to first when large money needed
borrow2a,Who does R turn to second when large money needed
down1a,Who does R turn to first for help when depressed
down2a,Who does R turn to second for help when depressed
helphwrk,Helped someone with hwork during past 12 months
lentto,Lent money to another person past 12 months
talkedto,Talked with someone depressed past 12 months
helpjob,Helped somebody to find a job past 12 months
learnjob,How did R find out about present work
frdthink,Should close friend be someone intelligent
frdhelps,Should close friend be someone who helps R
frdknows,Should close friend be someone who understands R
frdenjoy,Should close friend be someone who is enjoyable
kidpars,Do adult children have duty to look after parent
firstyou,Should take care of oneself and ones family first
helpfrds,Should better off ppl help less well-off friend
usefrds,Ok to have frds just bc they are of use to R
aidkids,Govts resp provide childcare
othfrd,Number of other close friends
demands,R feels that family make too many demands on R
trustpeo,There are only a few ppl R can trust completely
wantbest,R is sure that other ppl want the best for R
advantge,Other ppl will take advantage of R if not careful
comyear,How long Has R lived in city where R lives now
localgvt,How likely can R do sth for improvmnt in community
knwbus,Does R know someone who is a bus driver?
knwexec,Does R know someone who is a executive at a large company?
knwclenr,Does R know someone who is a home or office cleaner?
knwcuttr,Does R know someone who is a hairdresser or barber?
knwhrman,Does R know someone who is a human resources or personnel manager?
knwlawyr,Does R know someone who is a lawyer?
knwmchnc,Does R know someone who is a car mechanic?
knwnurse,Does R know someone who is a nurse?
knwcop,Does R know someone who is a police officer?
knwtcher,Does R know someone who is a school teacher?
smallgap,"For a society to be fair, differences in people's standard of living should be s"
govlazy,The social benefits from the government make people lazy
partlsc,"In past 12 months, R has participated in orgs for sport, culture, leisure"
partpart,"In past 12 months, R has participated in orgs for politics or political associat"
partvol,"In past 12 months, R has participated in charitable or religious volunteer orgs"
hlphome,Who R would first turn to if they needed help with a household or a garden job
hlpsick,Who R would first turn to if they needed help around the house if sick
hlpdown,Who R would first turn to if they needed help because they were feeling down or
hlpadvce,Who R would first turn to if they needed advice about family problems
hlpsococ,Who R would first turn to if they wanted to enjoy a pleasant social occasion
hlploan,Who R would first turn to if they needed to borrow large sums of money
hlpjob,Who R would first turn to if they needed help finding a job
hlppaper,Who R would first turn to if they needed help with admin or official paperwork
hlpresde,Who R would first turn to if they needed help finding a place tolive
hlpsickr,Who R would first turn to if they needed someone to look after them while seriou
lonely1,How often in the past 4 weeks R has felt they lack companionship
lonely2,How often in the past 4 weeks R has felt isolated from others
lonely3,How often in the past 4 weeks R has felt left out
trcourts,How much trust R has in American courts
trbigbus,How much trust R has in major private companies in America
fampress,Do R family's members put pressure on R about the way R lives or organizes their
upset,How often R's friends or family were angry with R
dinefrds,How often R went out to eat or drink with at least 3 non-family members
newfrds,"At these occasions, how often did R make new friends or acquaintences"
conwkday,Number of people R contacts with on a typical weekday
conf2f,How many people R sees face to face
cntctpar,How often R contacts their most-contacted parent
cntctsib,How often R contacts their most-contacted sibling
cntctkid,How often R contacts their most-contacted adult child
cntctfam,How often R contacts their most-contacted extended family member
cntctfrd,How often R contacts their most-contacted close friend
healthissp,MERGED HEALTHISSP_D AND HEALTHISSP_E
unhappy,How often R was unhappy or depressed in past 4 weeks
pilingup,How often R felt difficulty piling up in past 4 weeks
mygoals,It is easy for R to accomplish their goals
satlife,R is satisfied with their life
endsmeet,How difficult or easy is it for R's household to make ends meet
numlangs,How many languages does R speak well enough to hold a conversation in?
opwlth,Need wealthy family to get ahead
oppared,Need educated parents to get ahead
opeduc,Need good education to get ahead
opambit,Need ambition to get ahead
opable,Need natural ability to get ahead
ophrdwrk,Need to work hard to get ahead
opknow,Need to know right people to get ahead
opclout,Need political connections to get ahead
oprace,Need to be right race to get ahead
oprelig,Need to be right religion to get ahead
opregion,Must be from right region to get ahead
opsex,Need to be right sex to get ahead
oppol,Must have certain polviews to get ahead
goodlife,Standard of living of R will improve
incentiv,Pay differences needed for motivation
inequal1,Extra pay -> people take responsibility
inequal2,Extra pay -> workers acquire skills
inequal3,Inequality exists for benefit of rich
inequal4,Extra pay -> people earn degrees
inequal5,Pay differences -> American prosperity
inequal6,Everyone benefits from business profits
inequal7,Inequality due to lack of solidarity
paymason,How much R thinks bricklayer makes
paydoc,How much R thinks doctor makes
payclerk,How much R thinks bank clerk makes
payowner,How much R thinks shop owner makes
payexec,How much R thinks corporate head makes
payskill,How much R thinks skilled worker makes
payfarm,How much R thinks farm worker makes
paysec,How much R thinks secretary makes
paybus,How much R thinks bus driver makes
payunskl,How much R thinks unskilled wrkr makes
paycabnt,How much R thinks cabinet member makes
paylaw,How much R thinks lawyeR's make
paysales,How much R thinks salesclerks make
payfctry,How much R thinks owner of a large factory makes
payjudge,How much R thinks supreme court justice makes
payrocc,How much R thinks workers in own occupation make
givmason,How much ought mason make?
givdoc,How much ought doctor make?
givclerk,How much ought bank clerk make?
givowner,How much ought shop owner make?
givexec,How much ought corporate head make?
givskill,How much ought skilled worker make?
givfarm,How much ought farm worker make?
givsec,How much ought secretary make?
givbus,How much ought bus driver make?
givunskl,How much ought unskilled worker make?
givcabnt,How much ought cabinet member make?
givlaw,How much ought lawyer make
givsales,How much ought salesclerk make
givfctry,How much ought owner of a large factory makes
givjudge,How much ought justice make
givrocc,How much ought worker in own occupation make
incgap,Income differentials in usa too big
goveqinc,Govmnt should reduce inc differentials
govedop,Govmnt should help poor attend college
govjobs,Govmnt should provide jobs
govless,Govmnt should spend less on poor
govunemp,Govmnt should provide unemp benefits
govminc,Govmnt should provide minimum income
taxrich,Taxes on high income people too high
taxmid,Taxes on middle income people too high
taxpoor,Taxes on low income people too high
taxshare,Should rich pay bigger share of taxes?
conwlth,Conflict between poor and rich in usa?
conclass,Working and middle classes in conflict?
conjobs,Employed and unemployed in conflict
conunion,Workers and management in conflict?
conurban,FarmeR's and city people in conflict?
consoc,Conflict between social top and bottom
conage,Conflict between young and old
occmobil,Status of job higher than Father's?
pajob,Type of job held by father when R 16
paslf,Was father self-employed?
firstjob,Type of first job held by R
firstslf,First job self-employment?
lastjob,Type of current job held by R
lastslf,Current job self-employment?
rewrdeff,Effort rewarded in America
rewrdint,Intelligence and skill rewarded in America
corrupt,Must be corrupt to get to top in America
earndes,R deserves earnings
ldcgap,Differences between rich and poor too large
ldctax,Rich countries pay tax to help poor countries
richhlth,Rich buy better health care than poor
richeduc,Rich buy better education than poor
payresp,How much pay dependent on responsibility
payedtrn,How much pay dependent on educ and training
paysup,How much pay dependent on supervising others
payfam1,How much pay dependent on family to support
paychild,How much pay dependent on children
paydowel,How much pay dependent on work well done
payhard,How much pay dependent on working hard
justpay,Is R's pay just
soctype1,What type of society is America
soctype2,What type of society Does R prefer
famrnk,Rank in society of R
unsklrnk,Rank in society of unskilled workers
execrnk,Rank in society of chairmen
pasup,R's father supervisor
books16,Books in home of R age 16
mawrkwrm,Working mom can have a warm rel w kids
kidsuffr,Preschooler will suffer if mom works
famsuffr,Family life suffers if mom works f-t
hapifwrk,Woman and family happier if she works
homekid,Most women really want a home and kids
housewrk,Being housewife as fulfilling as paid work
fejobind,Job is best way for woman to be indep
twoincs,Husb & wife should contrib to family income
hubbywrk,Husb shld work wife shld look after home
ilikejob,R would enjoy job if money wasn't needed
wrknokid,"Shld mom work aftr marriage, before kids?"
wrkbaby,Shld woman with preschooler work?
wrksch,Shld woman work after youngest in school?
wrkgrown,Shld woman work after kids leave home?
daycare1,Public daycare center ok for kid < 3 yrs?
daycare2,Private daycare center ok for kid < 3 yrs?
daycare3,Babysitter ok for kid < 3 yrs?
daycare4,Friend or neighbor ok for kid < 3 yrs?
daycare5,Relative ok for kid < 3yrs?
femarry,Way of life recommendation for woman
memarry,Way of life recommendation for man
marhappy,Married people happier than unmarried
marfree,Personal freedom more impt than marriage
marfin,Financial security main advtg of marriage
markids,Main purpose of marriage = kids
marnomar,Bad marriage better than none at all
marlegit,Those wanting kids should get married
marmakid,Single ma can raise kids well as couple
marpakid,Single pa can raise kids well as couple
mardiv,Marriage not taken seriously when div is easy
marsame,Homosexual couples should have the right to marry one another
marsame1,Homosexual couples have right to marry
numkids,What is ideal number of kids for family
nokids,Desirability of no-kid family
onekid,Desirability of one-kid family
twokids,Desirability of two-kid family
threkids,Desirability of three-kid family
fourkids,Desirability of 4+ kid family
kidtrble,Kids more trouble than they are worth
kidjoy,Kids are life's greatest joy
kidnofre,Kids interfere with parents' freedom
kidless,Kidless marriage is incomplete
kidfin,Better not to have kids due to $ burden
kidempty,Kidless people lead empty lives
divnow,How easy is it to get a divorce today
divnokid,How easy should divorce be for kidless
divifkid,How easy should divorce be if kids
divkids,Kids better if bad marrge ended by div
divwife,Wife better if bad marrge ended by div
divhubby,Husb better if bad marrge ended by div
mawork14,Did mom work before R was 14 yrs old
evdiv,Has R ever been divorced
spevdiv,Has R's current spouse been divorced
cohabit,Did R live with spouse before marriage
rwrknokd,Did R work aftr marrge but before kids
rwrkbaby,Did R work when kid was preschooler
rwrksch,Did R work after youngest in school
rwrkgrwn,Did R work after kids left home
earnsmor,Hubby or wife earns more $
fewrksup,Do most women work to support family
hubbywk1,Men should earn money women keep house
mrmom,Gender role reversal hurts family
meovrwrk,Men hurt family when focus on work too much
singlpar,Single parents can raise kids as well as two
cohabok,Living together as an acceptable option
cohabfst,People should live together before marriage
divbest,Divorce as best solution to marital problems
divifkd1,Should feuding parents stay together for kids
divnokd1,Childless couples stay married even with problems
livnowed,Did R live with partner before marriage
mapaid,Should working women have paid maternity leave
chldcare,Should families get benefits if both parents work
abchoose,Should a woman get an abortion for any reason
teensex1,Morality of teens having sex
sexhar,R experienced sexual harassment
fambudgt,How couples monitor budget
laundry,Who in household does laundry
repairs,Who in household does small repaiR's
caresick,Who in household cares for sick in family
shopfood,Who in household shops for groceries
dinner,Who in household plans meals
spwknokd,Did spouse work after marriage before kids
spwkbaby,Did spouse work with young children
spwrksch,Did spouse work with school age children
spwkgrwn,Did spouse work after children left home
mehhwork,Men ought to do more hh work than they do now
mekdcare,Men ought to do more childcare than they do now
laundry1,Who in household does laundry
repairs1,Who in household does small repairs
caresik1,Who in household cares for sick in family
shop1,Who in household shops for groceries
clean1,Who in household does cleaning
cooking1,Who in household prepares the meals
rhhwork,How many hours a week does R spend on hh work
sphhwork,How many hours a week does spouse on hh wrk
hhwkfair,Sharing of hh work between R and spouse
hhwkdis,How often R and spouse disagree sharing of hh wrk
deckids,Who makes decision about how to bring up children
spborn,When was your spouse born
weekend,Who has final say about choosing weekend activity
buythngs,Who has final say about buying things for home
timehome,Run out of time before getting things done at home
strsshme,Life at home is rarely stressful
timework,Run out of time before getting things done at work
strsswrk,Job Is Rarely stressful
tiredhme,Come home from work too tired to do the chores
jobvsfam,Difficult to fulfill fam responsibility bc of job
tiredwrk,Arrived at work too tired to function bc of hhwork
famvswrk,Difficult to concentrate wrk bc of fam responsibility
happy7,How happy R is
satjob7,Job satisfaction in general
satfam7,Family satisfaction in general
fewknokd,Women should work outside when no kids
twoincs1,Both men and women should contribute to income
earnshh,Hubby or wife earns more dollars
ssfchild,Same sex female couple raise child as well as male-female couple
ssmchild,Same sex male couple raise child as well as male-female couple
kidfinbu,Children are financial burden on parents
kidjob,Children limit emp and career opp for one or both parents
kidsocst,Having children increases social standing in society
eldersup,Adult children are imp to help elderly parents
paidlv,Paid leave for childcare
paidlvpy,Who pays for leave
paidlvdv,Mother or father paid leave
famwkbst,Best way to org family work life with under school age child
famwklst,WoR'st way to org family work life with under school age child
careprov,Who should provide childcare for under school age child
carecost,Who should pay for costs of care for under school age child
eldhelp,Who should provide help for elderly
eldcost,Who should pay for help for elderly
hhclean1,Who does household cleaning
wkndact,Who decides weekend activities
tiredhm1,How often too tired to do housework
jobvsfa1,How often jobtakes too much time to fulfill family resp
tiredwk1,How often too tired from housework to do job well
famvswk1,How often difficult to conc at work because family resp
wkkidscl,Did R work outside home with child under school age
wkyngscl,Did R work outside home after child started school
wkkidscs,Did partner work outside home with child under school age
wkyngscs,Did partner work outside home after child started school
rfamlook,HOW MANY HOURS A WEEK R SPENDS LOOKING AFTER FAMILY
spfalook,Hours spouse spends looking after family members
splive,How long been living with spouse
timepdwk,Time R would spend on paid work
timehhwk,Time R would spend on household work
timefam,Time R would spend on family
timefrnd,Time R would spend on friends
timeleis,Time R would spend on leisure
timerelx,Time R would spend relaxing
wrkearn,Job is just a way to earn money
wrkenjoy,Enjoy job even if $ not needed
wrkimp,Work is persons most impt. activity
hwduties,Is R mainly respons.for hh chores?
yrsfirm,Importance of tenure to pay
dowell,Importance of performance to pay
expernc,Importance of experience to pay
paysame,Importance of standard rates to pay
ageemp,Importance of age to pay
sexemp,Importance of gender to pay
famresp,Importance of family resps. to pay
educemp,Importance of educ & qualif. to pay
dk,Don't know response to pay items
bosswrks,Management & workers always in conflict
strngun,Strong unions needed to protect workers
secjob,Importance of job security in a job
hiinc,Importance of high pr income in a job
promotn,Importance of advancement in a job
leisure,Importance of leisure time in a job
wrkindp,Importance of independent work in a job
hlpoths,Importance of helping others in a job
hlpsoc,Importance of social usefulness in a job
flexhrs,Importance of flexible hrs. in a job
flexhrs1,Importance of flexible hrs. at work
wkpersnl,Importance of Personal contact at work
famorjob,Would you sacrifice job opportunities for family
joborfam,Would you remain in unsatisfying job for family
discwk5,Discrimination at work in past 5 yrs
whydisc5,Why were you discriminated against
harass5,Harassment at work in past 5 yrs
unionsbd,Strong trade unions are bad for us economy
rcontact,Do you have Personal contact at work
wkathome,How often do you work from home
wkwkends,Do you work weekends
decidwrk,How are your working hours decided
wrkshift,What is your working schedule
chngewrk,I would change my work for something different
nounemp5,I would move within the usa for work
nounemp6,I would move outside the usa for work
extrawrk,Did you work multiple jobs in past yr
extraern,How much earned from additional jobs in past yr
jbendyr,Year last paid job ended
jbendmo,Month last paid job ended
exjobsat,Satisfaction with past job
wornojob,Do you worry about not finding job
newskill,I would accept job that requires new skills
lowpay,I would accept job for lower pay
tempwork,I would accept temporary employment
mortravl,I would accept a longer commute
moveinus,I would move within the usa for work
moveaway,I would move outside the usa for work
econsup1,Main source of economic support
worecsup,Do you worry about losing economic support
unpeople,Rank of no people contact when unemployed
unmoney,Rank of shortage of money when unemployed
unslfcon,Rank of loss of confide. when unemployed
unrespct,Rank of loss of respect when unemployed
unfamten,Rank of family tensions when unemployed
unjobexp,Rank of how to spend time when unemployed
unbored,Rank of boredom when unemployed
undk,Don't know response to unemployment items
empself,Does R prefer self-employment or not ?
smallbig,R preference re: firm size in
indusoth,"R preference re: manufacture service, etc"
privgovt,R preference re: private public sector
workweek,Does R work at least 10 hrs/wk
wantjob,Would R like a job now
findjob,Could R find a job <unemployed R's>
iwrkhard,How hard Does R work at job
hrsmoney,R preference re: work hrs and money
ryrsfirm,Importance of tenure
rdowell,Importance of performance
rpaysame,Importance of standard rates
rexpernc,Importance of experience
rageemp,Importance of age
rfamresp,Importance of family resps.
reducemp,Importance of educ. & formal qual.
rdk,Don't know response to unemployment items
rsecjob,R's job is secure
rhiinc,R's income is high
rpromotn,R has opportunity to advance
rleisure,R's job leaves much leisure time
rintjob,R's job is interesting
rwrkindp,R can work independently
rhlpoths,R helps others in job
rhlpsoc,R's job is useful to society
rflexhrs,R's job has flexible hrs.
xhaustn,How often does work exhaust r
physwrk,How often must R do physical work
stress,How often Does R find work stressful
boredom,How often Is R bored at work
danger,How often Does R work in dangerous conds
unhlthy,How often Does R work in unhealthy conds
unpleznt,How often Does R work in unpleasant conds
planwrk,How much can R plan daily work
findwork,Could R find a job <employed R's>
bossemps,Quality of mgmnt-employee rels: R's firm
cowrkers,Quality of rels among workers: R's firm
jobsat,How satisfied Is R with his/her job
supervis,Does R supervise others at work in main job
suprvsjb,Does R supervise others at work
supnum,Number of workers R supervises
moonlite,Does R have a second job
othhrs,Hours R spends at other job<s>
numsites,Does R's firm have more than one location
localnum,Number of employees: R's work site
totalnum,Number of employees: R's entire firm
employer,Does R employ others
numemply,Number of persons R employs
paydojob,How important job well done in deciding pay
payfam,How important family responsibility in deciding p
payeduc,How important education in deciding pay
paytime,How important be long with the firm in deciding p
techjobs,New techs increase number of jobs
techwork,New techs make work more interesting
wantjob1,Which job would you prefer
worknow,Are you currently working for pay
sethours,Who set working hours
placewrk,Where do you work
wktenure,Describe your present job situation
useskill,How much past skills can you make use in present
edcskill,How important school in developing skills
jobskill,How important training in developing skills
helporg1,Willing to work harder for the firm
prideorg,I am proud working for my firm
chngwork,I would change my job for something else
stayorg3,I would turn down job offering more pay
proudwrk,I am proud of the type of work I do
absent,How many days absent from work past 6 month
leavejob,How likely will try to find another firm
worryjob,Do you worry about losing job
evjob,Have you ever had a paid job for 1 year or+
yrjobend,When did your last paid job end
whyjbend,Main reason your job end
wantjob2,Would like to have a job now or in the future
getjob,How likely you would find a job
lookjob,Are you looking for a job
pubagncy,Registered at a public employment agency
priagncy,Registered at a private employment agency
wantads,Answered advertisements for jobs
adforjob,Advertised for a job in newspapeR's
appemps,Applied directly to employers
askhelp,Asked relatives friends colleagues to help
econsup,Main source of economic support
selfemp1,Employee have more job security than the self-employed
selfemp2,Being employee interfere more with family life than self-employment
unjobsec,Unions are very important for job security
unbetter,Working condition would be much worse without unions
rimpskls,Job gives R chance to improve skills
dailywrk,How R's daily work is organized
timeoff,How difficult R takes an hour off during working hours
jbintfam,How often R felt: demand of job interfere with family life
famintjb,How often R felt: demand of family life interfere with job
newjob,How helpful present work skill would be for new job
jbtrain,Did R have any training to improve job skill past 12 months
jobeasy,How easy if R find a job as good as current one
replaceu,How easy R's firm replaces R if R left
nounemp1,R would accept job requiring new skill to avoid unemployment
nounemp2,R would accept position with lower pay to avoid unemployment
nounemp3,R would accept temporary employment to avoid unemployment
nounemp4,R would accept travel longer to work to avoid unemployment
otherwrk,Does R have any additional job
skltrain,R had job skill training in thepast 12 months
spwrkgvt,Spouse working for government
hapunhap,Happy or unhappy with life today
stiffpun,Lawbreakers should get stiffer sentences
deathpen,Murderers should get death penalty
premars1,Is premarital sex wrong?
xmarsex1,Is extramarital sex wrong?
homosex1,Is homosexual sex wrong?
abdefct1,Law should allow abortion for birth defects
abpoor1,Law should allow abortion if family low income
abdefctw,Wrong for woman to get abortion for birth defects
abpoorw,Wrong for woman to get abortion if low income?
taxcheat,Wrong to cheat on taxes?
govcheat,Wrong to give govt false info for benefits?
concong,Confidence in us congress
conbiz,Confidence in business and industry
congovt,Confidence in government departments
conchurh,Confidence in churches and religious orgs
concourt,Confidence in courts and legal system
conschls,Confidence in schools and educ system
polsgod,Atheists shouldn't hold public office
clergvte,Clergy shouldn't try to influence voters
religpub,Better if more believers held public office
clerggov,Clergy shouldn't try to influence govt decisions
churhpow,Do churches have too much power?
godchnge,Describe your beliefs about god
afterlif,Belief in life after death
devil,Belief in the devil
heaven,Belief in heaven
hell,Belief in hell
miracles,Belief in religious miracles
bible1,Describe your feelings about the bible
theism,God concerned with human beings Personally
fatalism,People can't change the course of their lives
godmeans,Life meaningful because god exists
nihilism,Life serves no purpose
predeter,God decides the course of our lives
egomeans,Life meaningful only if you provide meaning
ownfate,We each make our own fate
relexper,Turning point in life for religion
marelkid,Mothers religion when R was child
madenkid,"If protestant, Mothers denomination"
parelkid,Father's religion when R was child
padenkid,"If protestant, Father's denomination"
religkid,Religion R was raised in
denkid,"If protestant, denomination R raised in"
religsp,R's spouse's religion
densp,"If protestant, R's spouse's denomination"
attendma,Freq of R's mom's relig svc attendance
attendpa,Freq of R's dad's relig svc attendance
attend12,Freq of R's relig svc attendance at age 12
prayfreq,How often does R pray
relactiv,How often does R take part in relig activities
relactiv1,How often does R take part in relig activities
relscrpt,R has read religious text outside of a service in the past year
feelrel,How religious Is R
schlpray,Should there be daily prayer in public schools?
godright,God's laws should decide right and wrong
socright,Society's laws should decide right and wrong
perright,Conscience should decide right and wrong
antirel,Anti-religious material should be banned
befair,How often do you think people take advantage
cantrust,People can be trusted or cant be too careful
trustsci,We trust too much in science
religcon,Religions bring more conflict
religint,Religious people are often too intolerant
religinf,The U.S. would be a better country if religion had less influence
volwkpol,Volunteered political activities past 12 month
volwkchr,Volunteered charitable past 12 month
volwkrel,Volunteered religious past 12 month
volwkoth,Volunteered other kinds past 12 month
reltruth,How much truth in religion
carright,What your friend has a right to expect from you
cardo,What would you do in this situation
geomobil,Has R moved from one kind of place to another
relgrpeq,All religious groups in usa should have equal rights
rspctrel,We must respect all religions
relmarry,R accepts a person from a different religion or view from r's marrying relative
relcand,R accepts a person from a different religion or view from r's being candidate of
relext1,Religious extremists should be allowed to hold public meeting to express views
relext2,People should be allowed to publish books expressing their views
relext3,Religious extremists should be allowed to publish their views on the internet
reincar,Believe in reincarnation
nirvana,Believe in nirvana
ancestrs,Believe in supernatural power of deceased ancestors
mywaygod,R has own way of connecting with god without churches or religious services
relgeneq,R's religion treats men and women equally
relobjct,"For religious reasons R has in home shrine, altar, or religious object on displa"
vistholy,How often R visits holy place for religious reasons
relsprt,Is R spiritual person
paxhappy,Religion helps people to find inner peace and happiness
makefrnd,Religion helps people to make friends
comfort,Religion helps people to gain comfort in times of trouble and sorrow
rightpeo,Religion helps people to meet the right kind of people
relgenbar,Religions are usually a barrier to equality between women and men
govvsrel,Governments should not interfere with the attempts of any religion to spread its
difrel,People belonging to different religions cannot get along with each other when li
relpast,"In America, religion represents the past and not the future."
relrlvnt,"In America, religion is just as relevant to life today as it was in the past."
christns,What is your personal attitude towards members of the following religious group
muslims,What is your personal attitude towards members of the following religious group
hindus,What is your personal attitude towards members of the following religious group
buddhsts,What is your personal attitude towards members of the following religious group
jews,What is your personal attitude towards members of the following religious group
atheists,What is your personal attitude towards members of the following religious group
perscrfc,"R made some Personal sacrifice as an expression of faith by fasting, giving up a"
obeythnk,Should chldrn be obedient or think for selves
privent,Private enterprise will solve U.S. problems
postmat1,Highest priority for America
postmat2,2nd highest priority for America
scifaith,"Believe too much in science, not enough faith"
harmgood,Modern science does more harm than good
sciworse,Humans change nature for the worse
scigrn,Modern science will solve envir probs
grnecon,"Worry too much about envir, too little econ"
harmsgrn,Almost everything we do harms envir
anrights,Animals have rights too
resnatur,Humans should respect naturecreated by god
grnprog,Worry too much about progress harming envir
naturpax,Nature would be at peace if humans left alone
grwthelp,Amer needs econ grwth to protect envir
antests,Ok to test on animals to save humans
naturwar,Nature is survival of fittest
grwtharm,Econ grwth always harms envir
naturgod,Relationship of nature to god
grnprice,Pay higher prices to help envir?
grntaxes,Pay higher taxes to help envir?
grnsol,Accept cut in living stnds to help envir?
toodifme,Too diff to do anything about envir
ihlpgrn,Do what i can to help envir
scitest1,Humans make all radioactivity
scitest2,Antibiotics kill bacteria not viruses
scitest3,Astrology has some scientific truth
scitest4,Humans evolved from animals
scitest5,All man-made chems cause cancer
grntest1,All will die if exposed to radioact
grntest2,Nuke waste dangerous for thousands of yrs
grntest3,Greenhouse effect caused by hole in atmosphere
grntest4,Using coal or gas contrib to greenhouse effect
grntest5,All pesticides cause cancer
grntest6,Humans are main cause of plant & animal extinct
grntest7,CaR's not imp cause of air pollution
carsgen,Car pollution danger to envir
carsfam,Car pollution danger to my family
carsten,Car pollution will increase in next 10 yrs
nukegen,Nuke power danger to envir
nukefam,Nuke power danger to my family
indusgen,Indust air pollution danger to envir
indusfam,Indust air pollution danger to my family
chemgen,Pesticides danger to envir
chemfam,Pesticides danger to my family
watergen,Water pollution danger to envir
waterfam,Water pollution danger to my family
tempgen,Greenhouse effect danger to envir
tempfam,Greenhouse effect danger to my family
pubdecid,Govt should let peop decide how to protect envir
busdecid,Govt should let biz decide how to protect envir
usdoenuf,U.S. protect environment
recycle,Recycle cans bottles
chemfree,"Buy pesticide free fruits, vegetables"
nomeat,Refuse to eat meat for envir reasons
drivless,Drive less for envir reasons
grngroup,Member of envir group
grnsign,Sign petition on envir issue
grnmoney,Give money to envir group
grndemo,Protested for envir issue
comtype,Type of community in which R lives
popgrwth,Earth cannot support population growth
impgrn,More important in life than save environment
othssame,No saving environment unless others do same
grnexagg,Environmental threats exaggerated
genegen,How dangerous modifying genes in crops
amprogrn,American doing enough to protect environment
bizpeop,Business people do more for environment
govtbiz,Government do more for environment
peopgovt,People do more for environment than govt
grnintl,Intl agreements for environment problems
ldcgrn,Poor countries less than rich for environment
econgrn,Economic progress dependent on environment
nukeacc,Likelihood of nuclear meltdown in 5 years
infobiz,R trust business for pollution information
infogrn,R trust environment groups for pollution information
infogovt,R trust govt for pollution information
infonews,R trust newspapers for pollution information
infotv,R trust radio or TV for pollution information
infocol,R trust universities for pollution information
excldimm,America should exclude illegal immigrants
topprob1,Most important issue for America
topprob2,Next important issue
trust5,People can or cannot be trusted
fair5,People fair or not
grncon,Concerned about environment
enprbus,Most important environment problem
enprbfam,Problem effect family most
knwcause,Know causes of environment issues
knowsol,Know solutions to environment issues
futenrgy,U.S. energy priorities
helpharm,Way living helps or harms
grneffme,Environment effect everyday life
tempgen1,Greenhouse effect danger to envir
busgrn,U.S. business to protect environment
peopgrn,How get people to protect environment
redcehme,How often reduce fuel
h2oless,How often save water
nobuygrn,How often avoid products
clsenei,How close do you feel to your neighborhood
clsetown,How close do you feel to your town or city
clsestat,How close do you feel to your state
clseusa,How close do you feel to America
clsenoam,How close do you feel to north America
movenei,Willing to move to another neighborhood
movetown,Willing to move to another town or city
movestat,Willing to move to another state
moveusa,Willing to move outside America
movenoam,Willing to move outside north America
onenatn,One nation or allowed to become fully separate?
ambornin,How important to have been born in America
amcit,How important to have American citizenship
amlived,How important to have lived in America for life
amenglsh,How important to be able to speak English
amchrstn,How important to be a christian
amgovt,How important to respect America's laws etc
amfeel,How important to feel American
amcitizn,Agree I would rather be a citizen of America
amshamed,Agree there are things make me ashamed
belikeus,Agree better if people were more like Americans
ambetter,Agree America is a better country
ifwrong,Agree people should support their country
amsports,Agree sports makes me proud to be an American
prouddem,How proud the way democracy works
proudpol,How proud its political influence in the world
proudeco,How proud America's economic achievements
proudsss,How proud its social security system
proudsci,How proud its scientific and tech achievements
proudspt,How proud its achievements in sports
proudart,How proud its achievements in the arts & lit.
proudmil,How proud America's armed forces
proudhis,How proud its history
proudgrp,How proud its fair and equal treatment
imports,America should limit the import
wrldgovt,International bodies should enforce environment
forlang,American schools should teach foreign languages
amownway,America should follow its own interests
forland,ForeigneR's should not be allowed to buy land
amtv,TV should give preference to American films
amcult,It is impossible to become fully American
mincult,Ethnic minorities should be given gov assistance
meltpot1,Better to maintain distinct cultures
immcrime,Immigrants increase crime rates
immameco,Immigrants good for America
immjobs,Immigrants take jobs away
immideas,Immigrants make America more open
letin1,Number of immigrants to America nowadays should be
refugees,Refugees should be allowed to stay in America?
res161,Where spend childhood until age 16?
livecom1,How long have you lived in the community?
abroad,How long have you lived in other countries?
spkhome1,What language(s) do you speak at home?
spkhome2,What language(s) do you speak at home?
spklang1,What language(s) do you speak well?
spklang2,What language(s) do you speak well?
spklang3,What language(s) do you speak well?
citizen,Are you a citizen of America?
parcit,Were your parents citizens of America?
ethclose,How close feel to your ethnic or racial group?
nafta1,How much heard or read about nafta?
nafta2,America benefits from being a member of nafta?
socid1,Most important to R
socid2,Second most important to R
socid3,Third most important to R
amancstr,How important to have American ancestry
lessprd,Agree often less proud of America
freetrde,Free trade leads to better products
decsorgs,America should follow decision of intl org
powrorgs,Intl orgs take away much power from American govt
citworld,I am a citizen of the world
forcult,Exposure to foreign film damage to our culture
immimp,Immigrants improve American society
immcosts,Govt spend too much money for immigrants
kidshere,Parent of America born child should become citizen
kidsaway,Child born abroad of American should become citizen
immrghts,Legal immigrants should have same right as American
amproud1,How proud being American
nafta2a,America benefits from being a member of nafta?
nafta3,America should follow nafta decision
shortcom,World better if America acknowledged shortcomings
immcult,Immigrants undermine American culture
immeduc,Legal immigrants should have same education as Americans
letin1a,Number of immigrants nowadays should be
immassim,What statement about immigrants matches view
patriot1,Patriotic feelings strengthen America's place in world
patriot2,Patriotic feelings lead to intolerance in America
patriot3,Patriotic feelings are needed for America to remain united
patriot4,Patriotic feelings lead to negative feelings towards immigrants
voteelec,How important always to vote in elections
paytaxes,How important never to try to evade taxes
obeylaws,How important always to obey laws
watchgov,How important to keep watch on action of govt
actassoc,How important to be active on soc or pol association
othreasn,How important to try to undR'stnd reasoning of othr o
buypol,How important to choose products for pol reasons
helpusa,How important to help worse off ppl in America
helpwrld,How important to help worse off ppl in rest of world
milserve,How important to serve in military when needed
relmeet,Allowed to hold pub meeting for religious extremist
revmeet,Allowed to hold pub meeting for ppl who want overthrow
racmeet,Allowed to hold pub meeting for racist
signdpet,Signed a petition
avoidbuy,Boycotted products for pol reasons
joindem,Took part in a demonstration
attrally,Attended a political meeting or rally
cntctgov,Contacted politician or civil servant to express view
polfunds,Donated money or raised funds for soc or pol activity
usemedia,Contacted in the media to express view
grpparty,R belongs to a political party
grpwork,R belongs to a trade union or professional association
grprelig,R belongs to a church or othr religious organization
grpsprts,"R belongs to a sports, leisure, or cultural grp"
grpother,R belongs to another voluntary association
solok,How important: citizens have adequate standard of living
rghtsmin,How important: govt protect right of minorities
eqtreat,How important: govt treat everybody equally
citviews,How important: politician consider views of citizen
polopts,How important: ppl given chance to participate in decsns
oppsegov,How important: citizen engage in acts of civil disobeyed
poleff18,Govt do not care much what ppl like R think
poleff19,R have a good understanding of pol issues
poleff20,Most ppl are better informed about politics than R is
actlaw,How likely R to do something if unjust law being cons
affctlaw,How likely congress give serious attention to R's demands
polint1,How interested in politics
govdook,We can trust people in govt
polgreed,Most politicians are only for what get out of politics
discpol,How often R discuss politics
chngeoth,How often R try to persuade other to share views
powerun,How much power R think united nations have
govngos,Decision left to natl govt representative or citizen or
unrghts,Un should intervene if human right is seriously viola
polactve,Pol party encourage ppl to be active in politics in am
choices,Political parties don't give real policy choices
refrndms,Referendum are good way to decide important pol quest
elecvote,How honest last natl election: counting of votes
elecfair,How fair last natl election: opprtunities of candidate
servepeo,How committed govt admnstratoR's are to serve people
fixmistk,How likely govt admnstrtoR's be corrected when making
corruptn,How widespread corruption is in pub service in America
demtoday,How well democracy work in America
dem10pst,How well did democracy work in America ten yrs ago
dem10fut,How well will democracy work in America in ten yrs
demrghts,Democratic rghts shouldn't be restricted by govt
gvtrghts,Govt should respect democratic rights
polinter,Expressed political views on internet past year
polnews,How often use media to get political news
crimlose,People convicted of serious crimes lose citizen rights
ntcitvte,Long-term residents should vote
notvote,Citizens have right not to vote
hlthall,Healthcare provided for everyone
leftrght,How left or right in politics
creation,View about origin and development of man
scitesty,Human beings developed from earlier species of animal
big5a1,R see oneself as someone who Is Reserved
big5b1,R see oneself as someone who is generally trusted
big5c1,R see oneself as someone who does a thorough job
big5d1,R see oneself as someone who Is Relaxed
big5e1,R see oneself as someone who has an active imagination
big5a2,R see oneself as someone who is sociable
big5b2,R see oneself as someone who tends to find fault with others
big5c2,R see oneself as someone who tends to be lazy
big5d2,R see oneself as someone who gets nervous easily
big5e2,R see oneself as someone who has few artistic interests
forbdcom,Forbid communist to speak
forbdrac,Forbid racist to speak
forbdmar,Forbids racial intermarriage
allowcom,Allow communist to speak
allowrac,Allow racist to speak
allowmar,Allow racial intermarriage
cideknew,#People R knows murdered in last year
cidewho,R's relationship to closest murderee
cidesex,Sex of murder victim closest to R
cideage,Age of murder victim closest to R
ciderace,Race of murder victim closest to R
cidereg,Region of murder victim closest to R
cidewho2,R's relationship to 2nd closest murderee
cidesex2,Sex of murder victim 2nd closest to R
cideage2,Age of murder victim 2nd closest to R
ciderac2,Race of murder victim 2nd closest to R
cidereg2,Region of murder victim 2nd closest to R
cidewho3,R's relationship to 3rd closest murderee
cidesex3,Sex of murder victim 3rd closest to R
cideage3,Age of murder victim 3rd closest to R
ciderac3,Race of murder victim 3rd closest to R
cidereg3,Region of murder victim 3rd closest to R
aidsknow,#People R knows infected with AIDS
aidswho,R's relationship to closest AIDS victim
aidsdead,Has AIDS victim closest to R died
aidssex,Sex of AIDS victim closest to R
aidsage,Age of AIDS victim closest to R
aidsrace,Race of AIDS victim closest to R
aidsreg,Region of AIDS victim closest to R
aidswho2,R's relation. to 2nd closest AIDS victim
aidsded2,Has AIDS victim 2nd closest to R died
aidssex2,Sex of AIDS victim 2nd closest to R
aidsage2,Age of AIDS victim 2nd closest to R
aidsrac2,Race of AIDS victim 2nd closest to R
aidsreg2,Region of AIDS victim 2nd closest to R
aidswho3,R's relat. to 3rd closest AIDS victim to R
aidsded3,Has AIDS victim 3rd closest to R died
aidssex3,Sex of AIDS victim 3rd closest to R
aidsage3,Age of AIDS victim 3rd closest to R
aidsrac3,Race of AIDS victim 3rd closest to R
aidsreg3,Region of AIDS victim 3rd closest to R
suiknew,#People R knows suicide in last year
suiwho,R's relationship to closest suicide
suisex,Sex of suicide victim closest to R
suiage,Age of suicide victim closest to R
suirace,Race of suicide victim closest to R
suireg,Region of suicide victim closest to R
suiwho2,R's relationship to 2nd closest suicide
suisex2,Sex of suicide victim 2nd closest to R
suiage2,Age of suicide victim 2nd closest to R
suirac2,Race of suicide victim 2nd closest to R
suireg2,Region of suicide victim 2nd closest to R
suiwho3,R's relationship to 3rd closest suicide
suisex3,Sex of suicidevictim 3rd closest to R
suiage3,Age of suicide victim 3rd closest to R
suirac3,Race of suicide victim 3rd closest to R
suireg3,Region of suicide victim 3rd closest to R
aidssch,Prohibit AIDS-students at public schools
aidsads,Have govt info pgm on safe sex practices
aidsinsr,Allow insurer's to test applicant for AIDS
aidshlth,Have govt pay for all AIDS health care
aidsmar,Have testing for AIDS before marriage
aidssxed,Public schools teach safe sex practices
aidsids,Require AIDS victims to wear id tags
aidsfare,Pay AIDS victims disability benefits
partners,How many sex partner's R had in last year
matesex,Was 1 of R's partner's spouse or regular
frndsex,R had sex with friend last year
acqntsex,R had sex with acquaintance last year
pikupsex,R had sex with casual date last year
paidsex,R had sex for pay last year
othersex,R had sex with some other last year
sexsex,Sex of sex partner's in last year
sexfreq,Frequency of sex during last year
sexfreq1,Had sex in last month
sexfreq2,"Number of times, sex last month"
numwomen,Number of female sex partner's since 18
nummen,Number of male sex partner's since 18
partopen,Number of sex partner's last year
partopn5,Number of sex partner's last 5 years
partnrs5,How many sex partner's R had in last 5 years
sexsex5,Sex of sex partner's last five years
evpaidsx,EveR have sex paid for or being paid since 18
evstray,Have sex other than spouse while married
condom,Used condom last time
relatsex,Relation to last sex partner
evidu,R ever inject drugs
idu30,R inject drugs in past 30 days
evcrack,R ever use crack cocaine
crack30,R last use crack cocaine
hivtest,Have you ever been tested for HIV
hivtest1,In what year was your last HIV test
hivtest2,Where did you have your last HIV test
aidslook,A health-look person may have AIDS
aidscndm,Condom can reduce AIDS
hivvac,There is a vaccine that can prevent HIV
hivkiss,Kiss can spread HIV
sexornt,Sexual orientation
sexbirth,"What sex were you assigned at birth?  (For example, on your birth certificate.)"
sexnow,What is your current gender?
siborder,Birth order
genetest,Know about genetic testing
genetst1,Know about genetic testing
genegood,Genetic testing good or harm
genegoo1,Genetic testing good or harm
genegoo2,Genetic testing good or harm
geneself,Would genetically test fetus
geneabrt,Abort defective fetus
maleornt,Interviewer coded male sexual orientation
geneself2,R would want genetic test done on fetus
geneabrt2,R would want to abort fetus if there were genetic defects
genedef1,Meaning of serious genetic defect
genedef2,Meaning of serious genetic defect
genedef3,Meaning of serious genetic defect
parhardr,Being parent now harder
parworse,Parents doing worse than before
parrght,Parents unsure what is right
parwhere,Parents don't know where kids are
parfin,Hard for parents to make ends meet
pargovt,Govt too involved in family life
partime,Parents don't spend time with kids
parwork,"If parents work, kids get in trouble"
partaxes,Taxes reduce childbearing
rolema,Role of mothers with kids
rolepa,Role of father's with kids
rolegp,Role of grandparents with kids
roleccp,Role of childcare provdrs with kids
roletchr,Role of teachers with kids
roleclrg,Role of clergy with kids
chldeduc,Education improving?
chldlove,Love improving?
chldsafe,Neighborhood safety improving?
chldmorl,Moral-religious training improving?
chldsup,Supervision improving?
chldhome,Housing improving?
chldhlth,Health care improving?
chldskls,Acquiring job skills improving?
chldtime,Time with kids improving?
inffilms,Influence of movies
infpubtv,Influence of children's programs on public TV
infnettv,Influence of programs on network TV
infadstv,Influence of TV ads
infmusic,Influence of rock & roll
sppregnt,Spending for prenatal care
sphlthkd,Spending for health care
spheadst,Spending for head start
sppoorkd,Spending for childcare for poor
spwrkpar,Spending for childcare for wrkeR's
sphomekd,Spending for housing
spdsabkd,Spending for disabled kids
spdrugs,Spending for drug treatment
spfoodkd,"Spending for food, etc."
sppill,Spending for birth control
prob1,First problem mentioned
prob2,Second problem mentioned
prob3,Third problem mentioned
prob4,Fourth problem mentioned
hlth1,Ill enough to go to a doctor
hlth2,Counseling for mental problems
hlth3,"Infertility, unable to have a baby"
hlth4,Drinking problem
hlth5,"Illegal drugs (marijuana, cocaine)"
hlth6,"(Husband, wife)partner in hospital"
hlth7,A child in hospital
hlth8,"Child on drugs, drinking problem"
hlth9,A death of a close friend
hlth10,Respondent in hospital or sanatorium
hlth11,Respondent unable to work for one month or more
hlth12,A death of spouse
hlth13,A death of child
hlth14,A death of parents
work1,Unemployed and looking for work a month +
work2,Being demoted or move to worse position
work3,A cut in pay or reduced hours
work4,Being passed over for promotion
work5,Having trouble with one's boss
work6,Own business losing money or failing
work7,"A husband, wife, partner being fired"
work8,"A husband, wife, partner cut in pay"
work9,Ones' spouse being unemployed
work10,"During past 12 mo, R was unemployed and looking for work"
finan1,Going bankrupt
finan2,Having a car etc. repossessed
finan3,Pawning valuables to make ends meet
finan4,Being pressured to pay bills
finan5,Major worsening financial condition
hrdshp1,"Fall behind in paying rent, mortgage"
hrdshp2,"Eviction from one's apartment, house"
hrdshp3,Having the utilities shut-off
hrdshp4,Being unable to purchase needed food
hrdshp5,Unable to afford needed medical care
hrdshp6,Lacking health insurance coverage
hrdshp7,Homeless
famper1,Having serious trouble with spouse
famper2,Separating from spouse or partner
famper3,Breaking up with fianc?e)
famper4,Having serious trouble with a child
famper5,Having serious trouble with friend
famper6,Divorced or separated
law1,A robbery
law2,A Personal assault
law3,Your home burglarized
law4,Accused of crime
law5,Arrested
law6,Sued in civil case
law7,Your child arrested
live1,Your home destroyed in disaster
live2,Your home in poor condition
live3,Major home repaiR's
live4,Serious problem with your landlord
oth1,Being discriminated against
oth2,Unable to get to school
oth3,Child have trouble in school
oth4,Need but unable to use public transport.
oth5,Do not have a car
extra1,Other problems
extra2,Other problems
povline,R's hh poverty status
incdef,Distance below poverty line
realinc,Family income in constant $
realrinc,R's income in constant $
coninc,Family income in constant dollars
conrinc,Respondent income in constant dollars
minfour,Imputed poverty line for family of four
minfood,Imputed wkly food spending for pov line fam of 4
minthree,Imputed poverty line for family of three
sectech,Should govt maintain secrecy over technology
secdocs,Does govt classify too many documents as secrets
rptcowrk,Report coworkers threatening secrecy of work
askfinan,Govt investigate workers finances for security
askcrime,Govt investigate workers crime records
askdrugs,Govt investigate workers illegal drug use
askmentl,Govt investigate workers mental health
askforgn,Govt investigate workers foreign family
askdrink,Govt investigate workers alcohol use
asksexor,Govt investigate workers sexual orientation
askfrbiz,Govt investigate foreign business contacts
askfrtrv,Govt investigate foreign travel
askcomp,Govt investigate use of computers
secprvcy,Govt favor secrecy over workers privacy?
secdiplo,Government maintain secrecy on diplomatic initiatives
secmilop,Government maintain secrecy on military operations
secterr,Government maintain secrecy on domestic terrorism
secbudgt,Government maintain secrecy on the intelligence budget
chkfinan,Government should verify financial assets
chkspfin,Government should verify spouse's financial assets
chktaxes,Government should verify tax records
knomentl,Gov should have the right to know
takearms,Punishment for stealing and selling weapons
leakinfo,Punishment for official leaking information
spyenemy,Punishment for selling secrets to hostile foreign gov
spyfrend,Punishment for selling secrets to friend foreign gov
taketrck,Punishment for stealing and selling truck parts
punarms,Punishment stealing and selling arms
punleak,Punishment leaking sensitive information
punenmy,Punishment selling info to foreign enemies
punfrnd,Punishment selling info to friendly countries
puntrck,Punishment stealing govt truck parts
comsteal,Punishment stealing national security computer
comdata,Punishment damaging national security computer
comsys,Punishment for damaging a computer system
comsnoop,Punishment for snooping in a computer system
comemail,Punishment emailing documents unauthorized per
comporn,Punishment for downloading porn at office
lietest,People with secret should be subject to lie tests
testdrug,People with secret should be subject to drug tests
bugging,People with secret should be subject to wiretapping
finanqs,People with secret should be subject to ques. of finan
chkonjob,People with secret should be subject to monitoring
chkother,People with secret should be subject to monitoring of
compfin,Govt check Personal financial records
chktravl,Govt check international travel records
emailwrk,Govt audit email and internet at work
emailhme,Govt audit email and internet at home
tapwrk,Govt wire-tap work phone line
taphme,Govt wire-tap home phone line
srchwrk,Govt search briefcases and desks at work
camwrk,Govt camera surveillance at work
usspy,U.S. spies foreign govts more threat 10 yrs ago
forspy,Foreign spies more threat 10 yrs ago
usterror,Terrorism by U.S. citizens more threat 10 yrs
frterror,Terrorism by foreigneR's more threat 10 yrs ago
forsteal,ForeigneR's stealing U.S. tech more threat 10 y
nuclrwar,Nuclear war more threat 10 yrs ago
ethnic,Country of family origin
eth1,1st mentioned country of origin
eth2,2nd mentioned country of origin
eth3,3rd mentioned country of origin
ethnum,Type of response about ethnicity:R
spethnic,Country of spouse's family origin
speth1,1st mentioned country of spouse's origin
speth2,2nd mentioned country of spouse's origin
speth3,3rd mentioned country of spouse's origin
spethnum,Type of response about ethnicity:sp
racesee,Observed race
racedbtf,Certainty of observed race
raceself,R's own racial id
hispanic,R Hispanic Specific
racecen1,"What is R's race, first mention"
racecen2,"What is R's race, second mention"
racecen3,"What is R's race, third mention"
difrace1,Why observation disagrees self id
difrace2,Why observation disagrees self id
difrace3,Why observation disagrees self id
racethwh,Points assigned to white
racethhi,Points assigned to Hispanic/latino
racethbl,Points assigned to black/african American
racethas,Points assigned to Asian American
racethna,Points assigned to native American/American Indian
racethot,Points assigned to other
racethmn,Specify other in racethot
uscitzn,"If not born in US, is R a US citizen"
fucitzn,Is R planning/appling for US citizenship or not
yearsusa,"LIVED IN U.S., YEARS:"
mnthsusa,"LIVED IN U.S., IF LESS THAN ONE YEAR   MONTHS:"
vetyears,Years in armed forces
vetkind,Branch of service
workdy,Days R normally works
workhr,Hours R usually works
spdays,Days spouse normally works
sphour,Hours spouse usually works
dwelling,Type of structure
dwelngh,Dwelling compared to others in nbrhd
dwelcity,Dwelling compared to others in city
dwelown,Does R own or rent home?
dwelown16,DID Rs FAMILY OWN OR RENT HOME WHEN R WAS AGE 16
worda,Word a
wordb,Word b
wordc,Word c
wordd,Word d
worde,Word e
wordf,Word f
wordg,Word g
wordh,Word h
wordi,Word i
wordj,Word j
wordsum,Number words correct in vocabulary test
godoc,Last week went to see a doctor?
eatout,Last week had a meal at a restaurant
seefilm,Last week went to see a film?
attrelig,Last week attended religious services?
numdays,Number of days attended religious services
sunday,Attended religious services last sunday
monday,Attended religious services last monday
tuesday,Attended religious services last tuesday
wednesdy,Attended religious services last wednesday
thursday,Attended religious services last thursday
friday,Attended religious services last friday
saturday,Attended religious services last saturday
attreg,Last 7 days attend a worship service
mediarel,Watch a religious program on television-radio?
othrel,Attend some other type of religious event
othrel1,What type of religious events or meetings
othrel2,What type of religious events or meetings
othrel3,What type of religious events or meetings
attweek,Attend religious events during the last week
religid,R's religious identity
relid1,Protestant identification 1st mention
relid2,Protestant identification 2nd mention
relid3,Protestant identification 3rd mention
relidbst,Protestant identification best group
cathid,If catholic what identity
charisma,Is R associated with charismatic movement
relate1,Relationship of 1st person to household head
gender1,Gender of 1st person
old1,Age of 1st person
mar1,Marital status of 1st person
away1,Is 1st person staying somewhere else now?
where1,Where is 1st person staying?
relate2,Relationship of 2nd person to household head
gender2,Gender of 2nd person
old2,Age of 2nd person
mar2,Marital status of 2nd person
away2,Is 2nd person staying somewhere else now?
where2,Where is 2nd person staying?
relate3,Relationship of 3rd person to household head
gender3,Gender of 3rd person
old3,Age of 3rd person
mar3,Marital status of 3rd person
away3,Is 3rd person staying somewhere else now?
where3,Where is 3rd person staying?
relate4,Relationship of 4th person to household head
gender4,Gender of 4th person
old4,Age of 4th person
mar4,Marital status of 4th person
away4,Is 4th person staying somewhere else now?
where4,Where is 4th person staying?
relate5,Relationship of 5th person to household head
gender5,Gender of 5th person
old5,Age of 5th person
mar5,Marital status of 5th person
away5,Is 5th person staying somewhere else now?
where5,Where is 5th person staying?
relate6,Relationship of 6th person to household head
gender6,Gender of 6th person
old6,Age of 6th person
mar6,Marital status of 6th person
away6,Is 6th person staying somewhere else now?
where6,Where is 6th person staying?
relate7,Relationship of 7th person to household head
gender7,Gender of 7th person
old7,Age of 7th person
mar7,Marital status of 7th person
away7,Is 7th person staying somewhere else now?
where7,Where is 7th person staying?
relate8,Relationship of 8th person to household head
gender8,Gender of 8th person
old8,Age of 8th person
mar8,Marital status of 8th person
away8,Is 8th person staying somewhere else now?
where8,Where is 8th person staying?
relate9,Relationship of 9th person to household head
gender9,Gender of 9th person
old9,Age of 9th person
mar9,Marital status of 9th person
away9,Is 9th person staying somewhere else now?
where9,Where is 9th person staying?
relate10,Relationship of 10th person to household head
gender10,Gender of 10th person
old10,Age of 1oth person
mar10,Marital status of 10th person
away10,Is 10th person staying somewhere else now?
where10,Where is 1oth person staying?
relate11,Relation of 11th person (visitor) to head
gender11,Gender of 11th person (visitor)
old11,Age of 11th person (visitor)
mar11,Marital status of 11th person (visitor)
away11,Is 11th person (visitor) staying elsewhere now?
where11,Where is 11th person (visitor) staying?
relate12,Relation of 12th person (visitor) to head
gender12,Gender of 12th person (visitor)
old12,Age of 12th person (visitor)
mar12,Marital status of 12th person (visitor)
away12,Is 12th person (visitor) staying elsewhere now?
where12,Where is 12th person (visitor) staying?
relate13,Relation of 13th person (visitor) to head
gender13,Gender of 13th person (visitor)
old13,Age of 13th person (visitor)
mar13,Marital status of 13th person (visitor)
away13,Is 13th person (visitor) staying elsewhere now?
where13,Where is 13th person (visitor) staying?
relate14,Relation of 14th person (visitor) to head
gender14,Gender of 14th person (visitor)
old14,Age of 14th person (visitor)
mar14,Marital status of 14th person (visitor)
away14,Is 14th person (visitor) staying elsewhere now?
where14,Where is 14th person (visitor) staying?
relhhd1,Relation of 1st person to household head
relhhd2,Relation of 2nd person to household head
relhhd3,Relation of 3rd person to household head
relhhd4,Relation of 4th person to household head
relhhd5,Relation of 5th person to household head
relhhd6,Relation of 6th person to household head
relhhd7,Relation of 7th person to household head
relhhd8,Relation of 8th person to household head
relhhd9,Relation of 9th person to household head
relhhd10,Relation of 1oth person to household head
relhhd11,Relation of 11th person (visitor) to head
relhhd12,Relation of 12th person (visitor) to head
relhhd13,Relation of 13th person (visitor) to head
relhhd14,Relation of 14th person (visitor) to head
hefinfo,Number of hef informant
hhrace,Race of household
respnum,Number in family of R
hhtype,Household type
hhtype1,Household type (condensed)
famgen,Number of family generations in household
rplace,R's relationship to household head
rvisitor,Is R a visitor?
visitors,Number of visitoR's in household
relhh1,Relationship of person 1 to head of household
relhh2,Relationship of person 2 to head of household
relhh3,Relationship of person 3 to head of household
relhh4,Relationship of person 4 to head of household
relhh5,Relationship of person 5 to head of household
relhh6,Relationship of person 6 to head of household
relhh7,Relationship of person 7 to head of household
relhh8,Relationship of person 8 to head of household
relhh9,Relationship of person 9 to head of household
relhh10,Relationship of person 10 to head of household
relhh11,Relationship of person 11 to head of household
relhh12,Relationship of person 12 to head of household
relhh13,Relationship of person 13 to head of household
relhh14,Relationship of person 14 to head of household
relsp1,Relationship of person 1 to spouse of househol
relsp2,Relationship of person 2 to spouse of househol
relsp3,Relationship of person 3 to spouse of househol
relsp4,Relationship of person 4 to spouse of househol
relsp5,Relationship of person 5 to spouse of househol
relsp6,Relationship of person 6 to spouse of househol
relsp7,Relationship of person 7 to spouse of househol
relsp8,Relationship of person 8 to spouse of househol
relsp9,Relationship of person 9 to spouse of househol
relsp10,Relationship of person 10 to spouse of househo
relsp11,Relationship of person 11 to spouse of househo
relsp12,Relationship of person 12 to spouse of househo
relsp13,Relationship of person 13 to spouse of househo
relsp14,Relationship of person 14 to spouse of househo
isco68,"Respondent's occupation, 1970 census"
paisco68,"R's Father's occupation, 1970 census"
spisco68,"R's spouse's occupation, 1970 census"
isco681,"Respondent's occupation, 1980 census"
paisc681,"R's Father's occupation, 1980 census"
maisc681,"R's Mothers occupation, 1980 census"
spisc681,"R's spouse's occupation, 1980 census"
isco88,"Respondent's occupation, 1980 census & 1988 ISCO code"
paisco88,"R's Father's occupation, 1980 census & 1988 ISCO code"
maisco88,"R's Mothers occupation, 1980 census & 1988 ISCO code"
spisco88,"R's spouse's occupation, 1980 census & 1988 ISCO code"
isco08,"Respondent's occupation, 2010 census & 2008 ISCO code"
paisco08,"R's Father's occupation, 2010 census & 2008 ISCO code"
maisco08,"R's spouse's occupation, 2010 census & 2008 ISCO code"
spisco08,"R's Mothers occupation, 2010 census & 2008 ISCO code"
coisco08,"Partner's occupation, 2010 census & 2008 ISCO code"
sei,Respondent socioeconomic index (1980)
firstsei,R's socioeconomic index of 1st occupation (1980)
pasei,R's Father's socioeconomic index (1980)
masei,R's Mothers socioeconomic index (1980)
spsei,R's spouse's socioeconomic index (1980)
sei10,R's socioeconomic index (2010)
sei10educ,Percentage of some college educ in OCC10 based on ACS 2010
sei10inc,Percentage of $45k+ earners in OCC10 based on ACS 2010
pasei10,R's father's (or oldest same-sex parent's) socioeconomic index (2010)
pasei10educ,Percentage of some college educ in PAOCC10 based on ACS 2010
pasei10inc,Percentage of $45k+ earners in PAOCC10 based on ACS 2010
masei10,R's mother's (or youngest same-sex parent's) socioeconomic index (2010)
masei10educ,Percentage of some college educ in MAOCC10 based on ACS 2010
masei10inc,Percentage of $45k+ earners in MAOCC10 based on ACS 2010
spsei10,R's spouse's socioeconomic index (2010)
spsei10educ,Percentage of some college educ in SPOCC10 based on ACS 2010
spsei10inc,Percentage of $45k+ earners in SPOCC10 based on ACS 2010
cosei10,Partner's socioeconomic index (2010)
cosei10educ,Percentage of some college educ in COOCC10 based on ACS 2010
cosei10inc,Percentage of $45K+ earners in COOCC10 based on ACS 2010
copres10,Partner's occupational prestige score (2010)
copres105plus,Partner's occupational prestige score using threshold method (2010)
uswar,Expect U.S. in war within 10 years
uswary,Expect U.S. in world war in 10 years
usintl,Take active part in world affairs
usun,Remain in u.n. or pull out
commun,Feelings about communism
commun10,Feelings about communism 10 yrs ago
russia,Liking for Russia
japan,Liking for Japan
england,Liking for England
canada,Liking for Canada
brazil,Liking for Brazil
china,Liking for China
israel,Liking for Israel
egypt,Liking for Egypt
welfare1,Welfare makes people work less
welfare2,Helps people overcome difficult times
welfare3,Encourages out-of-wedlock children
welfare4,Preserves marriages in difficult times
welfare5,Helps prevent hunger and starvation
welfare6,DISCOurages pregnant girls from marrying
wkcontct,How often contacted about work when not working
talkspvs,Comfortable talking with supervisor about Personal
effctsup,Supervisor effective solve work/Personal conflicts
cohort,Year of birth
marcohrt,Year of first marriage
zodiac,Respondents astrological sign
intrace1,Interviewer s race1
intrace2,Interviewer s race2
intrace3,Interviewer s race3
bthgrp1a,What are the groups you both belong to?
bthgrp1b,What are the groups you both belong to?
bthgrp1c,What are the groups you both belong to?
bthgrp1d,What are the groups you both belong to?
bthgrp1e,What are the groups you both belong to?
bthgrp2a,What are the groups you both belong to?
bthgrp2b,What are the groups you both belong to?
bthgrp2c,What are the groups you both belong to?
bthgrp2d,What are the groups you both belong to?
bthgrp2e,What are the groups you both belong to?
bthgrp2f,What are the groups you both belong to?
bthgrp3a,What are the groups you both belong to?
bthgrp3b,What are the groups you both belong to?
bthgrp3c,What are the groups you both belong to?
bthgrp3d,What are the groups you both belong to?
bthgrp4a,What are the groups you both belong to?
bthgrp4b,What are the groups you both belong to?
bthgrp4c,What are the groups you both belong to?
bthgrp4d,What are the groups you both belong to?
bthgrp5a,What are the groups you both belong to?
bthgrp5b,What are the groups you both belong to?
frstgrp1,Which group meet name1
frstgrp2,Which group meet name2
frstgrp3,Which group meet name3
frstgrp4,Which group meet name4
frstgrp5,Which group meet name5
whoelse1,Presence of others: children under six
whoelse2,Presence of others: older children
whoelse3,Presence of others: spouse partner
whoelse4,Presence of others: other relatives
whoelse5,Presence of others: other adults
whoelse6,Presence of others: no one
saqissp,R did issp module
saqsex,R did sex module
saqgene,R did gene module for 2004
easyget,How difficult was case to get
pilloky,Birth control to teenagers 14-16 (form 2)
popespky,Pope is infallible on matteR's of faith or morals (form 2)
polhitoy,Ever approve of police striking citizen (form 2)
letdie1y,Allow incurable patients to die (form 2)
death,R's possible vital status as of 2014
issp,Filter for ISSP cases
spanself,"If this interview had only been available in English, would you..."
spanint,"If no Spanish, R could have been interviewed in English"
spaneng,Interviews conducted in Spanish or English
res2006,Was R living in usa during March-May 2006
res2008,Was R living in usa during April-June 2008
res2010,Was R living in usa during April-June 2010
res2012,Was R living in usa during April-June 2012
cshutyp06,"During March-May 2006, was R resident in household or institution"
cshutyp08,"During April-June 2008, was R resident in household or institution"
cshutyp10,"During April-June 2010, was R resident in household or institution"
cshutyp12,"During April-June 2012, was R resident in household or institution"
kidsinhh,Does interviewer believe that there are children under the age of 15 present at
respond,Estimate of the probability that this household will respond to the survey
neisafe,How safe interviewer thinks neighborhood is
rlooks,R physical attractiveness rating
rgroomed,R grooming rating
rhlthend,R health rating
kish,kish
raceacs14,Native Hawaiian or Other Pacific Islander
vietdraft,Born on date with a Vietnam War draft lottery number
spwrkslf2,"SPOUSE SELF-EMPLOYED, WITH EMPLOYEES, OR WORK FOR SOMEONE ELSE"
spwrkslffam,SPOUSE WORK AT FAMILY BUSINESS OR ON FAMILY FARM
cowrkslf2,"PARTNER SELF-EMPLOYED, WITH EMPLOYEES, OR WORK FOR SOMEONE ELSE"
cowrkslffam,PARTNER WORK AT FAMILY BUSINESS OR ON FAMILY FARM
cowksup,DOES PARTNER SUPERVISE ANYONE
yearval1,ESTIMATE OF DOLLAR VALUE OF PAYMENTS IN THAT YEAR
reltrad,Religious tradition
reltrad16,Religious tradition age 16
mighist,When R came to U.S.
migage,Age when R came to U.S.
wordsum7,number words correct in vocabulary test (7 common items)
wordsumold,number words correct in vocabulary test (original items)
vote_ts,Did R vote in most recent election
pres_ts,Vote for Democratic or Republican candidate in most recent election
hispanic_0022,R Hispanic Specific
numemps_0422,"if self employed, number of other employees"
uscitzn_0822,"If not born in US, is R a US citizen"
sibs_7222,Number of siblings (including step- and adopted)
racecen1_0022,"What is R's race, first mention"
racecen2_0022,"What is R's race, second mention"
racecen3_0022,"What is R's race, third mention"
earnrs_7222,How many in family earned money?
coden_1222,Partner's denomination
denom_7222,Specific denomination
denom16_7322,Denomination in which R was raised
spden_7322,"Specific denomination, spouse"
major1_1222,College major 1
major2_1222,College major 2
unrelat_7222,Number in household not related
babies_7222,Household members less than 6 yrs old
preteen_7222,Household members 6 thru 12 yrs old
teens_7222,Household members 13 thru 17 yrs old
agekdbrn_9422,R's age when 1st child born
dipged_1222,"Diploma, ged, or other"
hivtest1_0622,In what month and year was your last HIV test
hivtest2_0622,Where did you have your last HIV test
othlang1_0022,What other languages Does R speak
othlang2_0022,What other languages Does R speak
partners_8822,How many sex partner's R had in last year
famgen_7522,Number of family generations in household
rplace_7522,R's relationship to household head
hompop_7222,Number of persons in household
reg16_7222,"Region of residence, age 16"
region_7222,Region of interview
dwelling_8222,Type of structure
intage_0418,Age of interviewer
intyrs_0418,Years of service as an interviewer at norc
